#pragma once
#include <Arduino.h>
// Spirit of Kiro south sprite; see GHOST-LICENSE and GHOST-SOURCE.md.
static constexpr int GHOST_W=123, GHOST_H=150;
static const uint16_t GHOST[] PROGMEM={
0x20e4,0x20e4,0x20e4,0x20e4,0x20e4,0x20e4,0x20e4,0x20e4,0x20e4,0x20e4,0x20e4,0x20e4,0x20e4,0x20e4,0x20e4,0x20e4,
0x20e4,0x20e4,0x20e4,0x20e4,0x20e4,0x20e4,0x20e4,0x20e4,0x20e4,0x20e4,0x20e4,0x20e4,0x20e4,0x20e4,0x20e4,0x20e4,
0x20e4,0x20e4,0x20e4,0x20e4,0x20e4,0x20e4,0x20e4,0x20e4,0x20e4,0x20e4,0x20e4,0x20e4,0x20e4,0x20e4,0x20e4,0x20e4,
0x20e4,0x20e4,0x20e4,0x20e4,0x20e4,0x20e4,0x20e4,0x20e4,0x2905,0x41c8,0x62ec,0x8410,0xa514,0xc5f8,0xd6ba,0xe73c,
0xf79e,0xf7be,0xffdf,0xffdf,0xf7be,0xf79e,0xef5d,0xdedb,0xce39,0xb576,0x9472,0x6b4d,0x4a29,0x3146,0x20e4,0x20e4,
0x20e4,0x20e4,0x20e4,0x20e4,0x20e4,0x20e4,0x20e4,0x20e4,0x20e4,0x20e4,0x20e4,0x20e4,0x20e4,0x20e4,0x20e4,0x20e4,
0x20e4,0x20e4,0x20e4,0x20e4,0x20e4,0x20e4,0x20e4,0x20e4,0x20e4,0x20e4,0x20e4,0x20e4,0x20e4,0x20e4,0x20e4,0x20e4,
0x20e4,0x20e4,0x20e4,0x20e4,0x20e4,0x20e4,0x20e4,0x20e4,0x20e4,0x20e4,0x20e4,0x20e4,0x20e4,0x20e4,0x20e4,0x20e4,
0x20e4,0x20e4,0x20e4,0x20e4,0x20e4,0x20e4,0x20e4,0x20e4,0x20e4,0x20e4,0x20e4,0x20e4,0x20e4,0x20e4,0x20e4,0x20e4,
0x20e4,0x20e4,0x20e4,0x20e4,0x20e4,0x20e4,0x20e4,0x20e4,0x20e4,0x20e4,0x20e4,0x20e4,0x20e4,0x20e4,0x20e4,0x20e4,
0x20e4,0x20e4,0x20e4,0x20e4,0x20e4,0x20e4,0x20e4,0x20e4,0x20e4,0x20e4,0x20e4,0x20e4,0x20e4,0x20e4,0x20e4,0x2905,
0x524a,0x83f0,0xb596,0xdedb,0xf79e,0xffff,0xffff,0xffff,0xffff,0xffff,0xffff,0xffff,0xffff,0xffff,0xffff,0xffff,
0xffff,0xffff,0xffff,0xffff,0xffff,0xffff,0xffff,0xffdf,0xe73c,0xc618,0x9492,0x62ec,0x3166,0x20e4,0x20e4,0x20e4,
0x20e4,0x20e4,0x20e4,0x20e4,0x20e4,0x20e4,0x20e4,0x20e4,0x20e4,0x20e4,0x20e4,0x20e4,0x20e4,0x20e4,0x20e4,0x20e4,
0x20e4,0x20e4,0x20e4,0x20e4,0x20e4,0x20e4,0x20e4,0x20e4,0x20e4,0x20e4,0x20e4,0x20e4,0x20e4,0x20e4,0x20e4,0x20e4,
0x20e4,0x20e4,0x20e4,0x20e4,0x20e4,0x20e4,0x20e4,0x20e4,0x20e4,0x20e4,0x20e4,0x20e4,0x20e4,0x20e4,0x20e4,0x20e4,
0x20e4,0x20e4,0x20e4,0x20e4,0x20e4,0x20e4,0x20e4,0x20e4,0x20e4,0x20e4,0x20e4,0x20e4,0x20e4,0x20e4,0x20e4,0x20e4,
0x20e4,0x20e4,0x20e4,0x20e4,0x20e4,0x20e4,0x20e4,0x20e4,0x20e4,0x20e4,0x20e4,0x20e4,0x20e4,0x20e4,0x20e4,0x20e4,
0x20e4,0x20e4,0x20e4,0x20e4,0x20e4,0x20e4,0x20e4,0x2925,0x62ec,0xad35,0xe6fc,0xffff,0xffff,0xffff,0xffff,0xffff,
0xffff,0xffff,0xffff,0xffff,0xffff,0xffff,0xffff,0xffff,0xffff,0xffff,0xffff,0xffff,0xffff,0xffff,0xffff,0xffff,
0xffff,0xffff,0xffff,0xffff,0xffff,0xffff,0xffff,0xef7d,0xc5f8,0x83f0,0x41c8,0x20e4,0x20e4,0x20e4,0x20e4,0x20e4,
0x20e4,0x20e4,0x20e4,0x20e4,0x20e4,0x20e4,0x20e4,0x20e4,0x20e4,0x20e4,0x20e4,0x20e4,0x20e4,0x20e4,0x20e4,0x20e4,
0x20e4,0x20e4,0x20e4,0x20e4,0x20e4,0x20e4,0x20e4,0x20e4,0x20e4,0x20e4,0x20e4,0x20e4,0x20e4,0x20e4,0x20e4,0x20e4,
0x20e4,0x20e4,0x20e4,0x20e4,0x20e4,0x20e4,0x20e4,0x20e4,0x20e4,0x20e4,0x20e4,0x20e4,0x20e4,0x20e4,0x20e4,0x20e4,
0x20e4,0x20e4,0x20e4,0x20e4,0x20e4,0x20e4,0x20e4,0x20e4,0x20e4,0x20e4,0x20e4,0x20e4,0x20e4,0x20e4,0x20e4,0x20e4,
0x20e4,0x20e4,0x20e4,0x20e4,0x20e4,0x20e4,0x20e4,0x20e4,0x20e4,0x20e4,0x20e4,0x20e4,0x20e4,0x20e4,0x20e4,0x20e4,
0x526a,0xa4f4,0xe71c,0xffff,0xffff,0xffff,0xffff,0xffff,0xffff,0xffff,0xffff,0xffff,0xffff,0xffff,0xffff,0xffff,
0xffff,0xffff,0xffff,0xffff,0xffff,0xffff,0xffff,0xffff,0xffff,0xffff,0xffff,0xffff,0xffff,0xffff,0xffff,0xffff,
0xffff,0xffff,0xffff,0xffff,0xffff,0xf7be,0xc618,0x738e,0x3146,0x20e4,0x20e4,0x20e4,0x20e4,0x20e4,0x20e4,0x20e4,
0x20e4,0x20e4,0x20e4,0x20e4,0x20e4,0x20e4,0x20e4,0x20e4,0x20e4,0x20e4,0x20e4,0x20e4,0x20e4,0x20e4,0x20e4,0x20e4,
0x20e4,0x20e4,0x20e4,0x20e4,0x20e4,0x20e4,0x20e4,0x20e4,0x20e4,0x20e4,0x20e4,0x20e4,0x20e4,0x20e4,0x20e4,0x20e4,
0x20e4,0x20e4,0x20e4,0x20e4,0x20e4,0x20e4,0x20e4,0x20e4,0x20e4,0x20e4,0x20e4,0x20e4,0x20e4,0x20e4,0x20e4,0x20e4,
0x20e4,0x20e4,0x20e4,0x20e4,0x20e4,0x20e4,0x20e4,0x20e4,0x20e4,0x20e4,0x20e4,0x20e4,0x20e4,0x20e4,0x20e4,0x20e4,
0x20e4,0x20e4,0x20e4,0x20e4,0x20e4,0x20e4,0x20e4,0x20e4,0x2905,0x6b4d,0xce39,0xffff,0xffff,0xffff,0xffff,0xffff,
0xffff,0xffff,0xffff,0xffff,0xffff,0xffff,0xffff,0xffff,0xffff,0xffff,0xffff,0xffff,0xffff,0xffff,0xffff,0xffff,
0xffff,0xffff,0xffff,0xffff,0xffff,0xffff,0xffff,0xffff,0xffff,0xffff,0xffff,0xffff,0xffff,0xffff,0xffff,0xffff,
0xffff,0xffff,0xffff,0xe73c,0x9cb3,0x41e8,0x20e4,0x20e4,0x20e4,0x20e4,0x20e4,0x20e4,0x20e4,0x20e4,0x20e4,0x20e4,
0x20e4,0x20e4,0x20e4,0x20e4,0x20e4,0x20e4,0x20e4,0x20e4,0x20e4,0x20e4,0x20e4,0x20e4,0x20e4,0x20e4,0x20e4,0x20e4,
0x20e4,0x20e4,0x20e4,0x20e4,0x20e4,0x20e4,0x20e4,0x20e4,0x20e4,0x20e4,0x20e4,0x20e4,0x20e4,0x20e4,0x20e4,0x20e4,
0x20e4,0x20e4,0x20e4,0x20e4,0x20e4,0x20e4,0x20e4,0x20e4,0x20e4,0x20e4,0x20e4,0x20e4,0x20e4,0x20e4,0x20e4,0x20e4,
0x20e4,0x20e4,0x20e4,0x20e4,0x20e4,0x20e4,0x20e4,0x20e4,0x20e4,0x20e4,0x20e4,0x20e4,0x20e4,0x20e4,0x20e4,0x20e4,
0x20e4,0x2905,0x738e,0xd6ba,0xffff,0xffff,0xffff,0xffff,0xffff,0xffff,0xffff,0xffff,0xffff,0xffff,0xffff,0xffff,
0xffff,0xffff,0xffff,0xffff,0xffff,0xffff,0xffff,0xffff,0xffff,0xffff,0xffff,0xffff,0xffff,0xffff,0xffff,0xffff,
0xffff,0xffff,0xffff,0xffff,0xffff,0xffff,0xffff,0xffff,0xffff,0xffff,0xffff,0xffff,0xffff,0xffff,0xffff,0xffff,
0xf7be,0xad55,0x4a09,0x20e4,0x20e4,0x20e4,0x20e4,0x20e4,0x20e4,0x20e4,0x20e4,0x20e4,0x20e4,0x20e4,0x20e4,0x20e4,
0x20e4,0x20e4,0x20e4,0x20e4,0x20e4,0x20e4,0x20e4,0x20e4,0x20e4,0x20e4,0x20e4,0x20e4,0x20e4,0x20e4,0x20e4,0x20e4,
0x20e4,0x20e4,0x20e4,0x20e4,0x20e4,0x20e4,0x20e4,0x20e4,0x20e4,0x20e4,0x20e4,0x20e4,0x20e4,0x20e4,0x20e4,0x20e4,
0x20e4,0x20e4,0x20e4,0x20e4,0x20e4,0x20e4,0x20e4,0x20e4,0x20e4,0x20e4,0x20e4,0x20e4,0x20e4,0x20e4,0x20e4,0x20e4,
0x20e4,0x20e4,0x20e4,0x20e4,0x20e4,0x20e4,0x20e4,0x20e4,0x20e4,0x20e4,0x20e4,0x6b0d,0xd69a,0xffff,0xffff,0xffff,
0xffff,0xffff,0xffff,0xffff,0xffff,0xffff,0xffff,0xffff,0xffff,0xffff,0xffff,0xffff,0xffff,0xffff,0xffff,0xffff,
0xffff,0xffff,0xffff,0xffff,0xffff,0xffff,0xffff,0xffff,0xffff,0xffff,0xffff,0xffff,0xffff,0xffff,0xffff,0xffff,
0xffff,0xffff,0xffff,0xffff,0xffff,0xffff,0xffff,0xffff,0xffff,0xffff,0xffff,0xffff,0xffff,0xf7be,0xad35,0x41c8,
0x20e4,0x20e4,0x20e4,0x20e4,0x20e4,0x20e4,0x20e4,0x20e4,0x20e4,0x20e4,0x20e4,0x20e4,0x20e4,0x20e4,0x20e4,0x20e4,
0x20e4,0x20e4,0x20e4,0x20e4,0x20e4,0x20e4,0x20e4,0x20e4,0x20e4,0x20e4,0x20e4,0x20e4,0x20e4,0x20e4,0x20e4,0x20e4,
0x20e4,0x20e4,0x20e4,0x20e4,0x20e4,0x20e4,0x20e4,0x20e4,0x20e4,0x20e4,0x20e4,0x20e4,0x20e4,0x20e4,0x20e4,0x20e4,
0x20e4,0x20e4,0x20e4,0x20e4,0x20e4,0x20e4,0x20e4,0x20e4,0x20e4,0x20e4,0x20e4,0x20e4,0x20e4,0x20e4,0x20e4,0x20e4,
0x20e4,0x20e4,0x20e4,0x20e4,0x4a09,0xbdd7,0xffff,0xffff,0xffff,0xffff,0xffff,0xffff,0xffff,0xffff,0xffff,0xffff,
0xffff,0xffff,0xffff,0xffff,0xffff,0xffff,0xffff,0xffff,0xffff,0xffff,0xffff,0xffff,0xffff,0xffff,0xffff,0xffff,
0xffff,0xffff,0xffff,0xffff,0xffff,0xffff,0xffff,0xffff,0xffff,0xffff,0xffff,0xffff,0xffff,0xffff,0xffff,0xffff,
0xffff,0xffff,0xffff,0xffff,0xffff,0xffff,0xffff,0xffff,0xffff,0xffff,0xef7d,0x8c31,0x2925,0x20e4,0x20e4,0x20e4,
0x20e4,0x20e4,0x20e4,0x20e4,0x20e4,0x20e4,0x20e4,0x20e4,0x20e4,0x20e4,0x20e4,0x20e4,0x20e4,0x20e4,0x20e4,0x20e4,
0x20e4,0x20e4,0x20e4,0x20e4,0x20e4,0x20e4,0x20e4,0x20e4,0x20e4,0x20e4,0x20e4,0x20e4,0x20e4,0x20e4,0x20e4,0x20e4,
0x20e4,0x20e4,0x20e4,0x20e4,0x20e4,0x20e4,0x20e4,0x20e4,0x20e4,0x20e4,0x20e4,0x20e4,0x20e4,0x20e4,0x20e4,0x20e4,
0x20e4,0x20e4,0x20e4,0x20e4,0x20e4,0x20e4,0x20e4,0x20e4,0x20e4,0x20e4,0x20e4,0x20e4,0x20e4,0x20e4,0x8c31,0xf79e,
0xffff,0xffff,0xffff,0xffff,0xffff,0xffff,0xffff,0xffff,0xffff,0xffff,0xffff,0xffff,0xffff,0xffff,0xffff,0xffff,
0xffff,0xffff,0xffff,0xffff,0xffff,0xffff,0xffff,0xffff,0xffff,0xffff,0xffff,0xffff,0xffff,0xffff,0xffff,0xffff,
0xffff,0xffff,0xffff,0xffff,0xffff,0xffff,0xffff,0xffff,0xffff,0xffff,0xffff,0xffff,0xffff,0xffff,0xffff,0xffff,
0xffff,0xffff,0xffff,0xffff,0xffff,0xffff,0xffff,0xd6ba,0x5aab,0x20e4,0x20e4,0x20e4,0x20e4,0x20e4,0x20e4,0x20e4,
0x20e4,0x20e4,0x20e4,0x20e4,0x20e4,0x20e4,0x20e4,0x20e4,0x20e4,0x20e4,0x20e4,0x20e4,0x20e4,0x20e4,0x20e4,0x20e4,
0x20e4,0x20e4,0x20e4,0x20e4,0x20e4,0x20e4,0x20e4,0x20e4,0x20e4,0x20e4,0x20e4,0x20e4,0x20e4,0x20e4,0x20e4,0x20e4,
0x20e4,0x20e4,0x20e4,0x20e4,0x20e4,0x20e4,0x20e4,0x20e4,0x20e4,0x20e4,0x20e4,0x20e4,0x20e4,0x20e4,0x20e4,0x20e4,
0x20e4,0x20e4,0x20e4,0x20e4,0x20e4,0x20e4,0x20e4,0x41e8,0xc638,0xffff,0xffff,0xffff,0xffff,0xffff,0xffff,0xffff,
0xffff,0xffff,0xffff,0xffff,0xffff,0xffff,0xffff,0xffff,0xffff,0xffff,0xffff,0xffff,0xffff,0xffff,0xffff,0xffff,
0xffff,0xffff,0xffff,0xffff,0xffff,0xffff,0xffff,0xffff,0xffff,0xffff,0xffff,0xffff,0xffff,0xffff,0xffff,0xffff,
0xffff,0xffff,0xffff,0xffff,0xffff,0xffff,0xffff,0xffff,0xffff,0xffff,0xffff,0xffff,0xffff,0xffff,0xffff,0xffff,
0xffff,0xffff,0xffff,0xffdf,0x9cb3,0x2925,0x20e4,0x20e4,0x20e4,0x20e4,0x20e4,0x20e4,0x20e4,0x20e4,0x20e4,0x20e4,
0x20e4,0x20e4,0x20e4,0x20e4,0x20e4,0x20e4,0x20e4,0x20e4,0x20e4,0x20e4,0x20e4,0x20e4,0x20e4,0x20e4,0x20e4,0x20e4,
0x20e4,0x20e4,0x20e4,0x20e4,0x20e4,0x20e4,0x20e4,0x20e4,0x20e4,0x20e4,0x20e4,0x20e4,0x20e4,0x20e4,0x20e4,0x20e4,
0x20e4,0x20e4,0x20e4,0x20e4,0x20e4,0x20e4,0x20e4,0x20e4,0x20e4,0x20e4,0x20e4,0x20e4,0x20e4,0x20e4,0x20e4,0x20e4,
0x20e4,0x6b4d,0xef7d,0xffff,0xffff,0xffff,0xffff,0xffff,0xffff,0xffff,0xffff,0xffff,0xffff,0xffff,0xffff,0xffff,
0xffff,0xffff,0xffff,0xffff,0xffff,0xffff,0xffff,0xffff,0xffff,0xffff,0xffff,0xffff,0xffff,0xffff,0xffff,0xffff,
0xffff,0xffff,0xffff,0xffff,0xffff,0xffff,0xffff,0xffff,0xffff,0xffff,0xffff,0xffff,0xffff,0xffff,0xffff,0xffff,
0xffff,0xffff,0xffff,0xffff,0xffff,0xffff,0xffff,0xffff,0xffff,0xffff,0xffff,0xffff,0xffff,0xffff,0xffff,0xffff,
0xce79,0x4a09,0x20e4,0x20e4,0x20e4,0x20e4,0x20e4,0x20e4,0x20e4,0x20e4,0x20e4,0x20e4,0x20e4,0x20e4,0x20e4,0x20e4,
0x20e4,0x20e4,0x20e4,0x20e4,0x20e4,0x20e4,0x20e4,0x20e4,0x20e4,0x20e4,0x20e4,0x20e4,0x20e4,0x20e4,0x20e4,0x20e4,
0x20e4,0x20e4,0x20e4,0x20e4,0x20e4,0x20e4,0x20e4,0x20e4,0x20e4,0x20e4,0x20e4,0x20e4,0x20e4,0x20e4,0x20e4,0x20e4,
0x20e4,0x20e4,0x20e4,0x20e4,0x20e4,0x20e4,0x20e4,0x20e4,0x20e4,0x20e4,0x20e4,0x9492,0xffff,0xffff,0xffff,0xffff,
0xffff,0xffff,0xffff,0xffff,0xffff,0xffff,0xffff,0xffff,0xffff,0xffff,0xffff,0xffff,0xffff,0xffff,0xffff,0xffff,
0xffff,0xffff,0xffff,0xffff,0xffff,0xffff,0xffff,0xffff,0xffff,0xffff,0xffff,0xffff,0xffff,0xffff,0xffff,0xffff,
0xffff,0xffff,0xffff,0xffff,0xffff,0xffff,0xffff,0xffff,0xffff,0xffff,0xffff,0xffff,0xffff,0xffff,0xffff,0xffff,
0xffff,0xffff,0xffff,0xffff,0xffff,0xffff,0xffff,0xffff,0xffff,0xffff,0xffff,0xffff,0xef7d,0x6b4d,0x20e4,0x20e4,
0x20e4,0x20e4,0x20e4,0x20e4,0x20e4,0x20e4,0x20e4,0x20e4,0x20e4,0x20e4,0x20e4,0x20e4,0x20e4,0x20e4,0x20e4,0x20e4,
0x20e4,0x20e4,0x20e4,0x20e4,0x20e4,0x20e4,0x20e4,0x20e4,0x20e4,0x20e4,0x20e4,0x20e4,0x20e4,0x20e4,0x20e4,0x20e4,
0x20e4,0x20e4,0x20e4,0x20e4,0x20e4,0x20e4,0x20e4,0x20e4,0x20e4,0x20e4,0x20e4,0x20e4,0x20e4,0x20e4,0x20e4,0x20e4,
0x20e4,0x20e4,0x20e4,0x20e4,0x2925,0xb576,0xffff,0xffff,0xffff,0xffff,0xffff,0xffff,0xffff,0xffff,0xffff,0xffff,
0xffff,0xffff,0xffff,0xffff,0xffff,0xffff,0xffff,0xffff,0xffff,0xffff,0xffff,0xffff,0xffff,0xffff,0xffff,0xffff,
0xffff,0xffff,0xffff,0xffff,0xffff,0xffff,0xffff,0xffff,0xffff,0xffff,0xffff,0xffff,0xffff,0xffff,0xffff,0xffff,
0xffff,0xffff,0xffff,0xffff,0xffff,0xffff,0xffff,0xffff,0xffff,0xffff,0xffff,0xffff,0xffff,0xffff,0xffff,0xffff,
0xffff,0xffff,0xffff,0xffff,0xffff,0xffff,0xffff,0xffff,0xffff,0x8c51,0x20e4,0x20e4,0x20e4,0x20e4,0x20e4,0x20e4,
0x20e4,0x20e4,0x20e4,0x20e4,0x20e4,0x20e4,0x20e4,0x20e4,0x20e4,0x20e4,0x20e4,0x20e4,0x20e4,0x20e4,0x20e4,0x20e4,
0x20e4,0x20e4,0x20e4,0x20e4,0x20e4,0x20e4,0x20e4,0x20e4,0x20e4,0x20e4,0x20e4,0x20e4,0x20e4,0x20e4,0x20e4,0x20e4,
0x20e4,0x20e4,0x20e4,0x20e4,0x20e4,0x20e4,0x20e4,0x20e4,0x20e4,0x20e4,0x20e4,0x20e4,0x20e4,0x20e4,0x3146,0xc618,
0xffff,0xffff,0xffff,0xffff,0xffff,0xffff,0xffff,0xffff,0xffff,0xffff,0xffff,0xffff,0xffff,0xffff,0xffff,0xffff,
0xffff,0xffff,0xffff,0xffff,0xffff,0xffff,0xffff,0xffff,0xffff,0xffff,0xffff,0xffff,0xffff,0xffff,0xffff,0xffff,
0xffff,0xffff,0xffff,0xffff,0xffff,0xffff,0xffff,0xffff,0xffff,0xffff,0xffff,0xffff,0xffff,0xffff,0xffff,0xffff,
0xffff,0xffff,0xffff,0xffff,0xffff,0xffff,0xffff,0xffff,0xffff,0xffff,0xffff,0xffff,0xffff,0xffff,0xffff,0xffff,
0xffff,0xffff,0xffff,0xffff,0xffff,0xa534,0x20e4,0x20e4,0x20e4,0x20e4,0x20e4,0x20e4,0x20e4,0x20e4,0x20e4,0x20e4,
0x20e4,0x20e4,0x20e4,0x20e4,0x20e4,0x20e4,0x20e4,0x20e4,0x20e4,0x20e4,0x20e4,0x20e4,0x20e4,0x20e4,0x20e4,0x20e4,
0x20e4,0x20e4,0x20e4,0x20e4,0x20e4,0x20e4,0x20e4,0x20e4,0x20e4,0x20e4,0x20e4,0x20e4,0x20e4,0x20e4,0x20e4,0x20e4,
0x20e4,0x20e4,0x20e4,0x20e4,0x20e4,0x20e4,0x20e4,0x20e4,0x3166,0xce59,0xffff,0xffff,0xffff,0xffff,0xffff,0xffff,
0xffff,0xffff,0xffff,0xffff,0xffff,0xffff,0xffff,0xffff,0xffff,0xffff,0xffff,0xffff,0xffff,0xffff,0xffff,0xffff,
0xffff,0xffff,0xffff,0xffff,0xffff,0xffff,0xffff,0xffff,0xffff,0xffff,0xffff,0xffff,0xffff,0xffff,0xffff,0xffff,
0xffff,0xffff,0xffff,0xffff,0xffff,0xffff,0xffff,0xffff,0xffff,0xffff,0xffff,0xffff,0xffff,0xffff,0xffff,0xffff,
0xffff,0xffff,0xffff,0xffff,0xffff,0xffff,0xffff,0xffff,0xffff,0xffff,0xffff,0xffff,0xffff,0xffff,0xffff,0xffff,
0xffff,0xb596,0x2905,0x20e4,0x20e4,0x20e4,0x20e4,0x20e4,0x20e4,0x20e4,0x20e4,0x20e4,0x20e4,0x20e4,0x20e4,0x20e4,
0x20e4,0x20e4,0x20e4,0x20e4,0x20e4,0x20e4,0x20e4,0x20e4,0x20e4,0x20e4,0x20e4,0x20e4,0x20e4,0x20e4,0x20e4,0x20e4,
0x20e4,0x20e4,0x20e4,0x20e4,0x20e4,0x20e4,0x20e4,0x20e4,0x20e4,0x20e4,0x20e4,0x20e4,0x20e4,0x20e4,0x20e4,0x20e4,
0x20e4,0x20e4,0x3146,0xce59,0xffff,0xffff,0xffff,0xffff,0xffff,0xffff,0xffff,0xffff,0xffff,0xffff,0xffff,0xffff,
0xffff,0xffff,0xffff,0xffff,0xffff,0xffff,0xffff,0xffff,0xffff,0xffff,0xffff,0xffff,0xffff,0xffff,0xffff,0xffff,
0xffff,0xffff,0xffff,0xffff,0xffff,0xffff,0xffff,0xffff,0xffff,0xffff,0xffff,0xffff,0xffff,0xffff,0xffff,0xffff,
0xffff,0xffff,0xffff,0xffff,0xffff,0xffff,0xffff,0xffff,0xffff,0xffff,0xffff,0xffff,0xffff,0xffff,0xffff,0xffff,
0xffff,0xffff,0xffff,0xffff,0xffff,0xffff,0xffff,0xffff,0xffff,0xffff,0xffff,0xffff,0xffff,0xbdd7,0x2905,0x20e4,
0x20e4,0x20e4,0x20e4,0x20e4,0x20e4,0x20e4,0x20e4,0x20e4,0x20e4,0x20e4,0x20e4,0x20e4,0x20e4,0x20e4,0x20e4,0x20e4,
0x20e4,0x20e4,0x20e4,0x20e4,0x20e4,0x20e4,0x20e4,0x20e4,0x20e4,0x20e4,0x20e4,0x20e4,0x20e4,0x20e4,0x20e4,0x20e4,
0x20e4,0x20e4,0x20e4,0x20e4,0x20e4,0x20e4,0x20e4,0x20e4,0x20e4,0x20e4,0x20e4,0x20e4,0x2925,0xc618,0xffff,0xffff,
0xffff,0xffff,0xffff,0xffff,0xffff,0xffff,0xffff,0xffff,0xffff,0xffff,0xffff,0xffff,0xffff,0xffff,0xffff,0xffff,
0xffff,0xffff,0xffff,0xffff,0xffff,0xffff,0xffff,0xffff,0xffff,0xffff,0xffff,0xffff,0xffff,0xffff,0xffff,0xffff,
0xffff,0xffff,0xffff,0xffff,0xffff,0xffff,0xffff,0xffff,0xffff,0xffff,0xffff,0xffff,0xffff,0xffff,0xffff,0xffff,
0xffff,0xffff,0xffff,0xffff,0xffff,0xffff,0xffff,0xffff,0xffff,0xffff,0xffff,0xffff,0xffff,0xffff,0xffff,0xffff,
0xffff,0xffff,0xffff,0xffff,0xffff,0xffff,0xffff,0xffff,0xffff,0xbdb7,0x28e5,0x20e4,0x20e4,0x20e4,0x20e4,0x20e4,
0x20e4,0x20e4,0x20e4,0x20e4,0x20e4,0x20e4,0x20e4,0x20e4,0x20e4,0x20e4,0x20e4,0x20e4,0x20e4,0x20e4,0x20e4,0x20e4,
0x20e4,0x20e4,0x20e4,0x20e4,0x20e4,0x20e4,0x20e4,0x20e4,0x20e4,0x20e4,0x20e4,0x20e4,0x20e4,0x20e4,0x20e4,0x20e4,
0x20e4,0x20e4,0x20e4,0x20e4,0x20e4,0x20e4,0x20e4,0xb596,0xffff,0xffff,0xffff,0xffff,0xffff,0xffff,0xffff,0xffff,
0xffff,0xffff,0xffff,0xffff,0xffff,0xffff,0xffff,0xffff,0xffff,0xffff,0xffff,0xffff,0xffff,0xffff,0xffff,0xffff,
0xffff,0xffff,0xffff,0xffff,0xffff,0xffff,0xffff,0xffff,0xffff,0xffff,0xffff,0xffff,0xffff,0xffff,0xffff,0xffff,
0xffff,0xffff,0xffff,0xffff,0xffff,0xffff,0xffff,0xffff,0xffff,0xffff,0xffff,0xffff,0xffff,0xffff,0xffff,0xffff,
0xffff,0xffff,0xffff,0xffff,0xffff,0xffff,0xffff,0xffff,0xffff,0xffff,0xffff,0xffff,0xffff,0xffff,0xffff,0xffff,
0xffff,0xffff,0xffff,0xffff,0xffff,0xad55,0x20e4,0x20e4,0x20e4,0x20e4,0x20e4,0x20e4,0x20e4,0x20e4,0x20e4,0x20e4,
0x20e4,0x20e4,0x20e4,0x20e4,0x20e4,0x20e4,0x20e4,0x20e4,0x20e4,0x20e4,0x20e4,0x20e4,0x20e4,0x20e4,0x20e4,0x20e4,
0x20e4,0x20e4,0x20e4,0x20e4,0x20e4,0x20e4,0x20e4,0x20e4,0x20e4,0x20e4,0x20e4,0x20e4,0x20e4,0x20e4,0x20e4,0x20e4,
0x20e4,0x9492,0xffff,0xffff,0xffff,0xffff,0xffff,0xffff,0xffff,0xffff,0xffff,0xffff,0xffff,0xffff,0xffff,0xffff,
0xffff,0xffff,0xffff,0xffff,0xffff,0xffff,0xffff,0xffff,0xffff,0xffff,0xffff,0xffff,0xffff,0xffff,0xffff,0xffff,
0xffff,0xffff,0xffff,0xffff,0xffff,0xffff,0xffff,0xffff,0xffff,0xffff,0xffff,0xffff,0xffff,0xffff,0xffff,0xffff,
0xffff,0xffff,0xffff,0xffff,0xffff,0xffff,0xffff,0xffff,0xffff,0xffff,0xffff,0xffff,0xffff,0xffff,0xffff,0xffff,
0xffff,0xffff,0xffff,0xffff,0xffff,0xffff,0xffff,0xffff,0xffff,0xffff,0xffff,0xffff,0xffff,0xffff,0xffff,0xffff,
0xffff,0x9492,0x20e4,0x20e4,0x20e4,0x20e4,0x20e4,0x20e4,0x20e4,0x20e4,0x20e4,0x20e4,0x20e4,0x20e4,0x20e4,0x20e4,
0x20e4,0x20e4,0x20e4,0x20e4,0x20e4,0x20e4,0x20e4,0x20e4,0x20e4,0x20e4,0x20e4,0x20e4,0x20e4,0x20e4,0x20e4,0x20e4,
0x20e4,0x20e4,0x20e4,0x20e4,0x20e4,0x20e4,0x20e4,0x20e4,0x20e4,0x20e4,0x20e4,0x6b4d,0xffff,0xffff,0xffff,0xffff,
0xffff,0xffff,0xffff,0xffff,0xffff,0xffff,0xffff,0xffff,0xffff,0xffff,0xffff,0xffff,0xffff,0xffff,0xffff,0xffff,
0xffff,0xffff,0xffff,0xffff,0xffff,0xffff,0xffff,0xffff,0xffff,0xffff,0xffff,0xffff,0xffff,0xffff,0xffff,0xffff,
0xffff,0xffff,0xffff,0xffff,0xffff,0xffff,0xffff,0xffff,0xffff,0xffff,0xffff,0xffff,0xffff,0xffff,0xffff,0xffff,
0xffff,0xffff,0xffff,0xffff,0xffff,0xffff,0xffff,0xffff,0xffff,0xffff,0xffff,0xffff,0xffff,0xffff,0xffff,0xffff,
0xffff,0xffff,0xffff,0xffff,0xffff,0xffff,0xffff,0xffff,0xffff,0xffff,0xffff,0xffff,0xffff,0x738e,0x20e4,0x20e4,
0x20e4,0x20e4,0x20e4,0x20e4,0x20e4,0x20e4,0x20e4,0x20e4,0x20e4,0x20e4,0x20e4,0x20e4,0x20e4,0x20e4,0x20e4,0x20e4,
0x20e4,0x20e4,0x20e4,0x20e4,0x20e4,0x20e4,0x20e4,0x20e4,0x20e4,0x20e4,0x20e4,0x20e4,0x20e4,0x20e4,0x20e4,0x20e4,
0x20e4,0x20e4,0x20e4,0x20e4,0x20e4,0x41e8,0xef7d,0xffff,0xffff,0xffff,0xffff,0xffff,0xffff,0xffff,0xffff,0xffff,
0xffff,0xffff,0xffff,0xffff,0xffff,0xffff,0xffff,0xffff,0xffff,0xffff,0xffff,0xffff,0xffff,0xffff,0xffff,0xffff,
0xffff,0xffff,0xffff,0xffff,0xffff,0xffff,0xffff,0xffff,0xffff,0xffff,0xffff,0xffff,0xffff,0xffff,0xffff,0xffff,
0xffff,0xffff,0xffff,0xffff,0xffff,0xffff,0xffff,0xffff,0xffff,0xffff,0xffff,0xffff,0xffff,0xffff,0xffff,0xffff,
0xffff,0xffff,0xffff,0xffff,0xffff,0xffff,0xffff,0xffff,0xffff,0xffff,0xffff,0xffff,0xffff,0xffff,0xffff,0xffff,
0xffff,0xffff,0xffff,0xffff,0xffff,0xffff,0xffff,0xffff,0xf7be,0x526a,0x20e4,0x20e4,0x20e4,0x20e4,0x20e4,0x20e4,
0x20e4,0x20e4,0x20e4,0x20e4,0x20e4,0x20e4,0x20e4,0x20e4,0x20e4,0x20e4,0x20e4,0x20e4,0x20e4,0x20e4,0x20e4,0x20e4,
0x20e4,0x20e4,0x20e4,0x20e4,0x20e4,0x20e4,0x20e4,0x20e4,0x20e4,0x20e4,0x20e4,0x20e4,0x20e4,0x20e4,0x20e4,0x2905,
0xce59,0xffff,0xffff,0xffff,0xffff,0xffff,0xffff,0xffff,0xffff,0xffff,0xffff,0xffff,0xffff,0xffff,0xffff,0xffff,
0xffff,0xffff,0xffff,0xffff,0xffff,0xffff,0xffff,0xffff,0xffff,0xffff,0xffff,0xffff,0xffff,0xffff,0xffff,0xffff,
0xffff,0xffff,0xffff,0xffff,0xffff,0xffff,0xffff,0xffff,0xffff,0xffff,0xffff,0xffff,0xffff,0xffff,0xffff,0xffff,
0xffff,0xffff,0xffff,0xffff,0xffff,0xffff,0xffff,0xffff,0xffff,0xffff,0xffff,0xffff,0xffff,0xffff,0xffff,0xffff,
0xffff,0xffff,0xffff,0xffff,0xffff,0xffff,0xffff,0xffff,0xffff,0xffff,0xffff,0xffff,0xffff,0xffff,0xffff,0xffff,
0xffff,0xffff,0xffff,0xffff,0xdedb,0x3146,0x20e4,0x20e4,0x20e4,0x20e4,0x20e4,0x20e4,0x20e4,0x20e4,0x20e4,0x20e4,
0x20e4,0x20e4,0x20e4,0x20e4,0x20e4,0x20e4,0x20e4,0x20e4,0x20e4,0x20e4,0x20e4,0x20e4,0x20e4,0x20e4,0x20e4,0x20e4,
0x20e4,0x20e4,0x20e4,0x20e4,0x20e4,0x20e4,0x20e4,0x20e4,0x20e4,0x20e4,0x9472,0xffff,0xffff,0xffff,0xffff,0xffff,
0xffff,0xffff,0xffff,0xffff,0xffff,0xffff,0xffff,0xffff,0xffff,0xffff,0xffff,0xffff,0xffff,0xffff,0xffff,0xffff,
0xffff,0xffff,0xffff,0xffff,0xffff,0xffff,0xffff,0xffff,0xffff,0xffff,0xffff,0xffff,0xffff,0xffff,0xffff,0xffff,
0xffff,0xffff,0xffff,0xffff,0xffff,0xffff,0xffff,0xffff,0xffff,0xffff,0xffff,0xffff,0xffff,0xffff,0xffff,0xffff,
0xffff,0xffff,0xffff,0xffff,0xffff,0xffff,0xffff,0xffff,0xffff,0xffff,0xffff,0xffff,0xffff,0xffff,0xffff,0xffff,
0xffff,0xffff,0xffff,0xffff,0xffff,0xffff,0xffff,0xffff,0xffff,0xffff,0xffff,0xffff,0xffff,0xffff,0xffff,0xffff,
0xad55,0x20e4,0x20e4,0x20e4,0x20e4,0x20e4,0x20e4,0x20e4,0x20e4,0x20e4,0x20e4,0x20e4,0x20e4,0x20e4,0x20e4,0x20e4,
0x20e4,0x20e4,0x20e4,0x20e4,0x20e4,0x20e4,0x20e4,0x20e4,0x20e4,0x20e4,0x20e4,0x20e4,0x20e4,0x20e4,0x20e4,0x20e4,
0x20e4,0x20e4,0x20e4,0x20e4,0x4a29,0xf7be,0xffff,0xffff,0xffff,0xffff,0xffff,0xffff,0xffff,0xffff,0xffff,0xffff,
0xffff,0xffff,0xffff,0xffff,0xffff,0xffff,0xffff,0xffff,0xffff,0xffff,0xffff,0xffff,0xffff,0xffff,0xffff,0xffff,
0xffff,0xffff,0xffff,0xffff,0xffff,0xffff,0xffff,0xffff,0xffff,0xffff,0xffff,0xffff,0xffff,0xffff,0xffff,0xffff,
0xffff,0xffff,0xffff,0xffff,0xffff,0xffff,0xffff,0xffff,0xffff,0xffff,0xffff,0xffff,0xffff,0xffff,0xffff,0xffff,
0xffff,0xffff,0xffff,0xffff,0xffff,0xffff,0xffff,0xffff,0xffff,0xffff,0xffff,0xffff,0xffff,0xffff,0xffff,0xffff,
0xffff,0xffff,0xffff,0xffff,0xffff,0xffff,0xffff,0xffff,0xffff,0xffff,0xffff,0xffff,0x6b4d,0x20e4,0x20e4,0x20e4,
0x20e4,0x20e4,0x20e4,0x20e4,0x20e4,0x20e4,0x20e4,0x20e4,0x20e4,0x20e4,0x20e4,0x20e4,0x20e4,0x20e4,0x20e4,0x20e4,
0x20e4,0x20e4,0x20e4,0x20e4,0x20e4,0x20e4,0x20e4,0x20e4,0x20e4,0x20e4,0x20e4,0x20e4,0x20e4,0x20e4,0x20e4,0xce39,
0xffff,0xffff,0xffff,0xffff,0xffff,0xffff,0xffff,0xffff,0xffff,0xffff,0xffff,0xffff,0xffff,0xffff,0xffff,0xffff,
0xffff,0xffff,0xffff,0xffff,0xffff,0xffff,0xffff,0xffff,0xffff,0xffff,0xffff,0xffff,0xffff,0xffff,0xffff,0xffff,
0xffff,0xffff,0xffff,0xffff,0xffff,0xffff,0xffff,0xffff,0xffff,0xffff,0xffff,0xffff,0xffff,0xffff,0xffff,0xffff,
0xffff,0xffff,0xffff,0xffff,0xffff,0xffff,0xffff,0xffff,0xffff,0xffff,0xffff,0xffff,0xffff,0xffff,0xffff,0xffff,
0xffff,0xffff,0xffff,0xffff,0xffff,0xffff,0xffff,0xffff,0xffff,0xffff,0xffff,0xffff,0xffff,0xffff,0xffff,0xffff,
0xffff,0xffff,0xffff,0xffff,0xffff,0xffff,0xffff,0xe73c,0x3987,0x20e4,0x20e4,0x20e4,0x20e4,0x20e4,0x20e4,0x20e4,
0x20e4,0x20e4,0x20e4,0x20e4,0x20e4,0x20e4,0x20e4,0x20e4,0x20e4,0x20e4,0x20e4,0x20e4,0x20e4,0x20e4,0x20e4,0x20e4,
0x20e4,0x20e4,0x20e4,0x20e4,0x20e4,0x20e4,0x20e4,0x20e4,0x20e4,0x736e,0xffff,0xffff,0xffff,0xffff,0xffff,0xffff,
0xffff,0xffff,0xffff,0xffff,0xffff,0xffff,0xffff,0xffff,0xffff,0xffff,0xffff,0xffff,0xffff,0xffff,0xffff,0xffff,
0xffff,0xffff,0xffff,0xffff,0xffff,0xffff,0xffff,0xffff,0xffff,0xffff,0xffff,0xffff,0xffff,0xffff,0xffff,0xffff,
0xffff,0xffff,0xffff,0xffff,0xffff,0xffff,0xffff,0xffff,0xffff,0xffff,0xffff,0xffff,0xffff,0xffff,0xffff,0xffff,
0xffff,0xffff,0xffff,0xffff,0xffff,0xffff,0xffff,0xffff,0xffff,0xffff,0xffff,0xffff,0xffff,0xffff,0xffff,0xffff,
0xffff,0xffff,0xffff,0xffff,0xffff,0xffff,0xffff,0xffff,0xffff,0xffff,0xffff,0xffff,0xffff,0xffff,0xffff,0xffff,
0xffff,0xffff,0xffff,0xad35,0x20e4,0x20e4,0x20e4,0x20e4,0x20e4,0x20e4,0x20e4,0x20e4,0x20e4,0x20e4,0x20e4,0x20e4,
0x20e4,0x20e4,0x20e4,0x20e4,0x20e4,0x20e4,0x20e4,0x20e4,0x20e4,0x20e4,0x20e4,0x20e4,0x20e4,0x20e4,0x20e4,0x20e4,
0x20e4,0x20e4,0x20e4,0x2925,0xe71c,0xffff,0xffff,0xffff,0xffff,0xffff,0xffff,0xffff,0xffff,0xffff,0xffff,0xffff,
0xffff,0xffff,0xffff,0xffff,0xffff,0xffff,0xffff,0xffff,0xffff,0xffff,0xffff,0xffff,0xffff,0xffff,0xffff,0xffff,
0xffff,0xffff,0xffff,0xffff,0xffff,0xffff,0xffff,0xffff,0xffff,0xffff,0xffff,0xffff,0xffff,0xffff,0xffff,0xffff,
0xffff,0xffff,0xffff,0xffff,0xffff,0xffff,0xffff,0xffff,0xffff,0xffff,0xffff,0xffff,0xffff,0xffff,0xffff,0xffff,
0xffff,0xffff,0xffff,0xffff,0xffff,0xffff,0xffff,0xffff,0xffff,0xffff,0xffff,0xffff,0xffff,0xffff,0xffff,0xffff,
0xffff,0xffff,0xffff,0xffff,0xffff,0xffff,0xffff,0xffff,0xffff,0xffff,0xffff,0xffff,0xffff,0xffff,0xffdf,0x5a8b,
0x20e4,0x20e4,0x20e4,0x20e4,0x20e4,0x20e4,0x20e4,0x20e4,0x20e4,0x20e4,0x20e4,0x20e4,0x20e4,0x20e4,0x20e4,0x20e4,
0x20e4,0x20e4,0x20e4,0x20e4,0x20e4,0x20e4,0x20e4,0x20e4,0x20e4,0x20e4,0x20e4,0x20e4,0x20e4,0x20e4,0x8c31,0xffff,
0xffff,0xffff,0xffff,0xffff,0xffff,0xffff,0xffff,0xffff,0xffff,0xffff,0xffff,0xffff,0xffff,0xffff,0xffff,0xffff,
0xffff,0xffff,0xffff,0xffff,0xffff,0xffff,0xffff,0xffff,0xffff,0xffff,0xffff,0xffff,0xffff,0xffff,0xffff,0xffff,
0xffff,0xffff,0xffff,0xffff,0xffff,0xffff,0xffff,0xffff,0xffff,0xffff,0xffff,0xffff,0xffff,0xffff,0xffff,0xffff,
0xffff,0xffff,0xffff,0xffff,0xffff,0xffff,0xffff,0xffff,0xffff,0xffff,0xffff,0xffff,0xffff,0xffff,0xffff,0xffff,
0xffff,0xffff,0xffff,0xffff,0xffff,0xffff,0xffff,0xffff,0xffff,0xffff,0xffff,0xffff,0xffff,0xffff,0xffff,0xffff,
0xffff,0xffff,0xffff,0xffff,0xffff,0xffff,0xffff,0xffff,0xffff,0xffff,0xce59,0x20e4,0x20e4,0x20e4,0x20e4,0x20e4,
0x20e4,0x20e4,0x20e4,0x20e4,0x20e4,0x20e4,0x20e4,0x20e4,0x20e4,0x20e4,0x20e4,0x20e4,0x20e4,0x20e4,0x20e4,0x20e4,
0x20e4,0x20e4,0x20e4,0x20e4,0x20e4,0x20e4,0x20e4,0x20e4,0x3146,0xef3d,0xffff,0xffff,0xffff,0xffff,0xffff,0xffff,
0xffff,0xffff,0xffff,0xffff,0xffff,0xffff,0xffff,0xffff,0xffff,0xffff,0xffff,0xffff,0xffff,0xffff,0xffff,0xffff,
0xffff,0xffff,0xffff,0xffff,0xffff,0xffff,0xffff,0xffff,0xffff,0xffff,0xffff,0xffff,0xffff,0xffff,0xffff,0xffff,
0xffff,0xffff,0xffff,0xffff,0xffff,0xffff,0xffff,0xffff,0xffff,0xffff,0xffff,0xffff,0xffff,0xffff,0xffff,0xffff,
0xffff,0xffff,0xffff,0xffff,0xffff,0xffff,0xffff,0xffff,0xffff,0xffff,0xffff,0xffff,0xffff,0xffff,0xffff,0xffff,
0xffff,0xffff,0xffff,0xffff,0xffff,0xffff,0xffff,0xffff,0xffff,0xffff,0xffff,0xffff,0xffff,0xffff,0xffff,0xffff,
0xffff,0xffff,0xffff,0xffff,0xffff,0xffff,0x6b4d,0x20e4,0x20e4,0x20e4,0x20e4,0x20e4,0x20e4,0x20e4,0x20e4,0x20e4,
0x20e4,0x20e4,0x20e4,0x20e4,0x20e4,0x20e4,0x20e4,0x20e4,0x20e4,0x20e4,0x20e4,0x20e4,0x20e4,0x20e4,0x20e4,0x20e4,
0x20e4,0x20e4,0x20e4,0x8c31,0xffff,0xffff,0xffff,0xffff,0xffff,0xffff,0xffff,0xffff,0xffff,0xffff,0xffff,0xffff,
0xffff,0xffff,0xffff,0xffff,0xffff,0xffff,0xffff,0xffff,0xffff,0xffff,0xffff,0xffff,0xffff,0xffff,0xffff,0xffff,
0xffff,0xffff,0xffff,0xffff,0xffff,0xffff,0xffff,0xffff,0xffff,0xffff,0xffff,0xffff,0xffff,0xffff,0xffff,0xffff,
0xffff,0xffff,0xffff,0xffff,0xffff,0xffff,0xffff,0xffff,0xffff,0xffff,0xffff,0xffff,0xffff,0xffff,0xffff,0xffff,
0xffff,0xffff,0xffff,0xffff,0xffff,0xffff,0xffff,0xffff,0xffff,0xffff,0xffff,0xffff,0xffff,0xffff,0xffff,0xffff,
0xffff,0xffff,0xffff,0xffff,0xffff,0xffff,0xffff,0xffff,0xffff,0xffff,0xffff,0xffff,0xffff,0xffff,0xffff,0xffff,
0xffff,0xd6ba,0x28e5,0x20e4,0x20e4,0x20e4,0x20e4,0x20e4,0x20e4,0x20e4,0x20e4,0x20e4,0x20e4,0x20e4,0x20e4,0x20e4,
0x20e4,0x20e4,0x20e4,0x20e4,0x20e4,0x20e4,0x20e4,0x20e4,0x20e4,0x20e4,0x20e4,0x20e4,0x20e4,0x2925,0xe71c,0xffff,
0xffff,0xffff,0xffff,0xffff,0xffff,0xffff,0xffff,0xffff,0xffff,0xffff,0xffff,0xffff,0xffff,0xffff,0xffff,0xffff,
0xffff,0xffff,0xffff,0xffff,0xffff,0xffff,0xffff,0xffff,0xffff,0xffff,0xffff,0xffff,0xffff,0xffff,0xffff,0xffff,
0xffff,0xffff,0xffff,0xffff,0xffff,0xffff,0xffff,0xffff,0xffff,0xffff,0xffff,0xffff,0xffff,0xffff,0xffff,0xffff,
0xffff,0xffff,0xffff,0xffff,0xffff,0xffff,0xffff,0xffff,0xffff,0xffff,0xffff,0xffff,0xffff,0xffff,0xffff,0xffff,
0xffff,0xffff,0xffff,0xffff,0xffff,0xffff,0xffff,0xffff,0xffff,0xffff,0xffff,0xffff,0xffff,0xffff,0xffff,0xffff,
0xffff,0xffff,0xffff,0xffff,0xffff,0xffff,0xffff,0xffff,0xffff,0xffff,0xffff,0xffff,0xffff,0x734e,0x20e4,0x20e4,
0x20e4,0x20e4,0x20e4,0x20e4,0x20e4,0x20e4,0x20e4,0x20e4,0x20e4,0x20e4,0x20e4,0x20e4,0x20e4,0x20e4,0x20e4,0x20e4,
0x20e4,0x20e4,0x20e4,0x20e4,0x20e4,0x20e4,0x20e4,0x20e4,0x736e,0xffff,0xffff,0xffff,0xffff,0xffff,0xffff,0xffff,
0xffff,0xffff,0xffff,0xffff,0xffff,0xffff,0xffff,0xffff,0xffff,0xffff,0xffff,0xffff,0xffff,0xffff,0xffff,0xffff,
0xffff,0xffff,0xffff,0xffff,0xffff,0xffff,0xffff,0xffff,0xffff,0xffff,0xffff,0xffff,0xffff,0xffff,0xffff,0xffff,
0xffff,0xffff,0xffff,0xffff,0xffff,0xffff,0xffff,0xffff,0xffff,0xffff,0xffff,0xffff,0xffff,0xffff,0xffff,0xffff,
0xffff,0xffff,0xffff,0xffff,0xffff,0xffff,0xffff,0xffff,0xffff,0xffff,0xffff,0xffff,0xffff,0xffff,0xffff,0xffff,
0xffff,0xffff,0xffff,0xffff,0xffff,0xffff,0xffff,0xffff,0xffff,0xffff,0xffff,0xffff,0xffff,0xffff,0xffff,0xffff,
0xffff,0xffff,0xffff,0xffff,0xffff,0xffff,0xffff,0xffff,0xd69a,0x20e4,0x20e4,0x20e4,0x20e4,0x20e4,0x20e4,0x20e4,
0x20e4,0x20e4,0x20e4,0x20e4,0x20e4,0x20e4,0x20e4,0x20e4,0x20e4,0x20e4,0x20e4,0x20e4,0x20e4,0x20e4,0x20e4,0x20e4,
0x20e4,0x20e4,0x20e4,0xce59,0xffff,0xffff,0xffff,0xffff,0xffff,0xffff,0xffff,0xffff,0xffff,0xffff,0xffff,0xffff,
0xffff,0xffff,0xffff,0xffff,0xffff,0xffff,0xffff,0xffff,0xffff,0xffff,0xffff,0xffff,0xffff,0xffff,0xffff,0xffff,
0xffff,0xffff,0xffff,0xffff,0xffff,0xffff,0xffff,0xffff,0xffff,0xffff,0xffff,0xffff,0xffff,0xffff,0xffff,0xffff,
0xffff,0xffff,0xffff,0xffff,0xffff,0xffff,0xffff,0xffff,0xffff,0xffff,0xffff,0xffff,0xffff,0xffff,0xffff,0xffff,
0xffff,0xffff,0xffff,0xffff,0xffff,0xffff,0xffff,0xffff,0xffff,0xffff,0xffff,0xffff,0xffff,0xffff,0xffff,0xffff,
0xffff,0xffff,0xffff,0xffff,0xffff,0xffff,0xffff,0xffff,0xffff,0xffff,0xffff,0xffff,0xffff,0xffff,0xffff,0xffff,
0xffff,0xffff,0xffff,0xffff,0x62cc,0x20e4,0x20e4,0x20e4,0x20e4,0x20e4,0x20e4,0x20e4,0x20e4,0x20e4,0x20e4,0x20e4,
0x20e4,0x20e4,0x20e4,0x20e4,0x20e4,0x20e4,0x20e4,0x20e4,0x20e4,0x20e4,0x20e4,0x20e4,0x20e4,0x4a29,0xffdf,0xffff,
0xffff,0xffff,0xffff,0xffff,0xffff,0xffff,0xffff,0xffff,0xffff,0xffff,0xffff,0xffff,0xffff,0xffff,0xffff,0xffff,
0xffff,0xffff,0xffff,0xffff,0xffff,0xffff,0xffff,0xffff,0xffff,0xffff,0xffff,0xffff,0xffff,0xffff,0xffff,0xffff,
0xffff,0xffff,0xffff,0xffff,0xffff,0xffff,0xffff,0xffff,0xffff,0xffff,0xffff,0xffff,0xffff,0xffff,0xffff,0xffff,
0xffff,0xffff,0xffff,0xffff,0xffff,0xffff,0xffff,0xffff,0xffff,0xffff,0xffff,0xffff,0xffff,0xffff,0xffff,0xffff,
0xffff,0xffff,0xffff,0xffff,0xffff,0xffff,0xffff,0xffff,0xffff,0xffff,0xffff,0xffff,0xffff,0xffff,0xffff,0xffff,
0xffff,0xffff,0xffff,0xffff,0xffff,0xffff,0xffff,0xffff,0xffff,0xffff,0xffff,0xffff,0xffff,0xffff,0xffff,0xbdd7,
0x20e4,0x20e4,0x20e4,0x20e4,0x20e4,0x20e4,0x20e4,0x20e4,0x20e4,0x20e4,0x20e4,0x20e4,0x20e4,0x20e4,0x20e4,0x20e4,
0x20e4,0x20e4,0x20e4,0x20e4,0x20e4,0x20e4,0x20e4,0x20e4,0x9cb3,0xffff,0xffff,0xffff,0xffff,0xffff,0xffff,0xffff,
0xffff,0xffff,0xffff,0xffff,0xffff,0xffff,0xffff,0xffff,0xffff,0xffff,0xffff,0xffff,0xffff,0xffff,0xffff,0xffff,
0xffff,0xffff,0xffff,0xffff,0xffff,0xffff,0xffff,0xffff,0xffff,0xffff,0xffff,0xffff,0xffff,0xffff,0xffff,0xffff,
0xffff,0xffff,0xffff,0xffff,0xffff,0xffff,0xffff,0xffff,0xffff,0xffff,0xffff,0xffff,0xffff,0xffff,0xffff,0xffff,
0xffff,0xffff,0xffff,0xffff,0xffff,0xffff,0xffff,0xffff,0xffff,0xffff,0xffff,0xffff,0xffff,0xffff,0xffff,0xffff,
0xffff,0xffff,0xffff,0xffff,0xffff,0xffff,0xffff,0xffff,0xffff,0xffff,0xffff,0xffff,0xffff,0xffff,0xffff,0xffff,
0xffff,0xffff,0xffff,0xffff,0xffff,0xffff,0xffff,0xffff,0xffff,0xffff,0xffdf,0x41e8,0x20e4,0x20e4,0x20e4,0x20e4,
0x20e4,0x20e4,0x20e4,0x20e4,0x20e4,0x20e4,0x20e4,0x20e4,0x20e4,0x20e4,0x20e4,0x20e4,0x20e4,0x20e4,0x20e4,0x20e4,
0x20e4,0x20e4,0x2905,0xdefb,0xffff,0xffff,0xffff,0xffff,0xffff,0xffff,0xffff,0xffff,0xffff,0xffff,0xffff,0xffff,
0xffff,0xffff,0xffff,0xffff,0xffff,0xffff,0xffff,0xffff,0xffff,0xffff,0xffff,0xffff,0xffff,0xffff,0xffff,0xffff,
0xffff,0xffff,0xffff,0xffff,0xffff,0xffff,0xffff,0xffff,0xffff,0xffff,0xffff,0xffff,0xffff,0xffff,0xffff,0xffff,
0xffff,0xffff,0xffff,0xffff,0xffff,0xffff,0xffff,0xffff,0xffff,0xffff,0xffff,0xffff,0xffff,0xffff,0xffff,0xffff,
0xffff,0xffff,0xffff,0xffff,0xffff,0xffff,0xffff,0xffff,0xffff,0xffff,0xffff,0xffff,0xffff,0xffff,0xffff,0xffff,
0xffff,0xffff,0xffff,0xffff,0xffff,0xffff,0xffff,0xffff,0xffff,0xffff,0xffff,0xffff,0xffff,0xffff,0xffff,0xffff,
0xffff,0xffff,0xffff,0xffff,0xffff,0xffff,0x9472,0x20e4,0x20e4,0x20e4,0x20e4,0x20e4,0x20e4,0x20e4,0x20e4,0x20e4,
0x20e4,0x20e4,0x20e4,0x20e4,0x20e4,0x20e4,0x20e4,0x20e4,0x20e4,0x20e4,0x20e4,0x20e4,0x20e4,0x5a8b,0xffff,0xffff,
0xffff,0xffff,0xffff,0xffff,0xffff,0xffff,0xffff,0xffff,0xffff,0xffff,0xffff,0xffff,0xffff,0xffff,0xffff,0xffff,
0xffff,0xffff,0xffff,0xffff,0xffff,0xffff,0xffff,0xffff,0xffff,0xffff,0xffff,0xffff,0xffff,0xffff,0xffff,0xffff,
0xffff,0xffff,0xffff,0xffff,0xffff,0xffff,0xffff,0xffff,0xffff,0xffff,0xffff,0xffff,0xffff,0xffff,0xffff,0xffff,
0xffff,0xffff,0xffff,0xffff,0xffff,0xffff,0xffff,0xffff,0xffff,0xffff,0xffff,0xffff,0xffff,0xffff,0xffff,0xffff,
0xffff,0xffff,0xffff,0xffff,0xffff,0xffff,0xffff,0xffff,0xffff,0xffff,0xffff,0xffff,0xffff,0xffff,0xffff,0xffff,
0xffff,0xffff,0xffff,0xffff,0xffff,0xffff,0xffff,0xffff,0xffff,0xffff,0xffff,0xffff,0xffff,0xffff,0xffff,0xffff,
0xffff,0xdedb,0x28e5,0x20e4,0x20e4,0x20e4,0x20e4,0x20e4,0x20e4,0x20e4,0x20e4,0x20e4,0x20e4,0x20e4,0x20e4,0x20e4,
0x20e4,0x20e4,0x20e4,0x20e4,0x20e4,0x20e4,0x20e4,0x20e4,0x9cb3,0xffff,0xffff,0xffff,0xffff,0xffff,0xffff,0xffff,
0xffff,0xffff,0xffff,0xffff,0xffff,0xffff,0xffff,0xffff,0xffff,0xffff,0xffff,0xffff,0xffff,0xffff,0xffff,0xffff,
0xffff,0xffff,0xffff,0xffff,0xffff,0xffff,0xffff,0xffff,0xffff,0xffff,0xffff,0xffff,0xffff,0xffff,0xffff,0xffff,
0xffff,0xffff,0xffff,0xffff,0xffff,0xffff,0xffff,0xffff,0xffff,0xffff,0xffff,0xffff,0xffff,0xffff,0xffff,0xffff,
0xffff,0xffff,0xffff,0xffff,0xffff,0xffff,0xffff,0xffff,0xffff,0xffff,0xffff,0xffff,0xffff,0xffff,0xffff,0xffff,
0xffff,0xffff,0xffff,0xffff,0xffff,0xffff,0xffff,0xffff,0xffff,0xffff,0xffff,0xffff,0xffff,0xffff,0xffff,0xffff,
0xffff,0xffff,0xffff,0xffff,0xffff,0xffff,0xffff,0xffff,0xffff,0xffff,0xffff,0xffff,0xffff,0x528a,0x20e4,0x20e4,
0x20e4,0x20e4,0x20e4,0x20e4,0x20e4,0x20e4,0x20e4,0x20e4,0x20e4,0x20e4,0x20e4,0x20e4,0x20e4,0x20e4,0x20e4,0x20e4,
0x20e4,0x20e4,0x20e4,0xd6ba,0xffff,0xffff,0xffff,0xffff,0xffff,0xffff,0xffff,0xffff,0xffff,0xffff,0xffff,0xffff,
0xffff,0xffff,0xffff,0xffff,0xffff,0xffff,0xffff,0xffff,0xffff,0xffff,0xffff,0xffff,0xffff,0xffff,0xffff,0xffff,
0xffff,0xffff,0xffff,0xffff,0xffff,0xffff,0xffff,0xffff,0xffff,0xffff,0xffff,0xffff,0xffff,0xffff,0xffff,0xffff,
0xffff,0xffff,0xffff,0xffff,0xffff,0xffff,0xffff,0xffff,0xffff,0xffff,0xffff,0xffff,0xffff,0xffff,0xffff,0xffff,
0xffff,0xffff,0xffff,0xffff,0xffff,0xffff,0xffff,0xffff,0xffff,0xffff,0xffff,0xffff,0xffff,0xffff,0xffff,0xffff,
0xffff,0xffff,0xffff,0xffff,0xffff,0xffff,0xffff,0xffff,0xffff,0xffff,0xffff,0xffff,0xffff,0xffff,0xffff,0xffff,
0xffff,0xffff,0xffff,0xffff,0xffff,0xffff,0xffff,0xffff,0x9cd3,0x20e4,0x20e4,0x20e4,0x20e4,0x20e4,0x20e4,0x20e4,
0x20e4,0x20e4,0x20e4,0x20e4,0x20e4,0x20e4,0x20e4,0x20e4,0x20e4,0x20e4,0x20e4,0x20e4,0x20e4,0x41e8,0xffdf,0xffff,
0xffff,0xffff,0xffff,0xffff,0xffff,0xffff,0xffff,0xffff,0xffff,0xffff,0xffff,0xffff,0xffff,0xffff,0xffff,0xffff,
0xffff,0xffff,0xffff,0xffff,0xffff,0xffff,0xffff,0xffff,0xffff,0xffff,0xffff,0xffff,0xffff,0xffff,0xffff,0xffff,
0xffff,0xffff,0xffff,0xffff,0xffff,0xffff,0xffff,0xffff,0xffff,0xffff,0xffff,0xffff,0xffff,0xffff,0xffff,0xffff,
0xffff,0xffff,0xffff,0xffff,0xffff,0xffff,0xffff,0xffff,0xffff,0xffff,0xffff,0xffff,0xffff,0xffff,0xffff,0xffff,
0xffff,0xffff,0xffff,0xffff,0xffff,0xffff,0xffff,0xffff,0xffff,0xffff,0xffff,0xffff,0xffff,0xffff,0xffff,0xffff,
0xffff,0xffff,0xffff,0xffff,0xffff,0xffff,0xffff,0xffff,0xffff,0xffff,0xffff,0xffff,0xffff,0xffff,0xffff,0xffff,
0xffff,0xffff,0xffff,0xdedb,0x20e4,0x20e4,0x20e4,0x20e4,0x20e4,0x20e4,0x20e4,0x20e4,0x20e4,0x20e4,0x20e4,0x20e4,
0x20e4,0x20e4,0x20e4,0x20e4,0x20e4,0x20e4,0x20e4,0x20e4,0x738e,0xffff,0xffff,0xffff,0xffff,0xffff,0xffff,0xffff,
0xffff,0xffff,0xffff,0xffff,0xffff,0xffff,0xffff,0xffff,0xffff,0xffff,0xffff,0xffff,0xffff,0xffff,0xffff,0xffff,
0xffff,0xffff,0xffff,0xffff,0xffff,0xffff,0xffff,0xffff,0xffff,0xffff,0xffff,0xffff,0xffff,0xffff,0xffff,0xffff,
0xffff,0xffff,0xffff,0xffff,0xffff,0xffff,0xffff,0xffff,0xffff,0xffff,0xffff,0xffff,0xffff,0xffff,0xffff,0xffff,
0xffff,0xffff,0xffff,0xffff,0xffff,0xffff,0xffff,0xffff,0xffff,0xffff,0xffff,0xffff,0xffff,0xffff,0xffff,0xffff,
0xffff,0xffff,0xffff,0xffff,0xffff,0xffff,0xffff,0xffff,0xffff,0xffff,0xffff,0xffff,0xffff,0xffff,0xffff,0xffff,
0xffff,0xffff,0xffff,0xffff,0xffff,0xffff,0xffff,0xffff,0xffff,0xffff,0xffff,0xffff,0xffff,0xffff,0xffff,0x4a29,
0x20e4,0x20e4,0x20e4,0x20e4,0x20e4,0x20e4,0x20e4,0x20e4,0x20e4,0x20e4,0x20e4,0x20e4,0x20e4,0x20e4,0x20e4,0x20e4,
0x20e4,0x20e4,0x20e4,0xad55,0xffff,0xffff,0xffff,0xffff,0xffff,0xffff,0xffff,0xffff,0xffff,0xffff,0xffff,0xffff,
0xffff,0xffff,0xffff,0xffff,0xffff,0xffff,0xffff,0xffff,0xffff,0xffff,0xffff,0xffff,0xffff,0xffff,0xffff,0xffff,
0xffff,0xffff,0xffff,0xffff,0xffff,0xffff,0xffff,0xffff,0xffff,0xffff,0xffff,0xffff,0xffff,0xffff,0xffff,0xffff,
0xffff,0xffff,0xffff,0xffff,0xffff,0xef7d,0xce79,0xc618,0xce79,0xf79e,0xffff,0xffff,0xffff,0xffff,0xffff,0xffff,
0xffff,0xffff,0xffff,0xffff,0xffff,0xffff,0xffff,0xffff,0xffff,0xffff,0xffff,0xffff,0xffff,0xffff,0xffdf,0xd6ba,
0xc618,0xc638,0xe71c,0xffff,0xffff,0xffff,0xffff,0xffff,0xffff,0xffff,0xffff,0xffff,0xffff,0xffff,0xffff,0xffff,
0xffff,0xffff,0xffff,0xffff,0xffff,0xffff,0xffff,0xffff,0xffff,0xffff,0x8410,0x20e4,0x20e4,0x20e4,0x20e4,0x20e4,
0x20e4,0x20e4,0x20e4,0x20e4,0x20e4,0x20e4,0x20e4,0x20e4,0x20e4,0x20e4,0x20e4,0x20e4,0x20e4,0x2905,0xe6fc,0xffff,
0xffff,0xffff,0xffff,0xffff,0xffff,0xffff,0xffff,0xffff,0xffff,0xffff,0xffff,0xffff,0xffff,0xffff,0xffff,0xffff,
0xffff,0xffff,0xffff,0xffff,0xffff,0xffff,0xffff,0xffff,0xffff,0xffff,0xffff,0xffff,0xffff,0xffff,0xffff,0xffff,
0xffff,0xffff,0xffff,0xffff,0xffff,0xffff,0xffff,0xffff,0xffff,0xffff,0xffff,0xffff,0xffff,0xffff,0xf79e,0x7bcf,
0x18e3,0x0,0x0,0x0,0x2104,0x7bcf,0xef7d,0xffff,0xffff,0xffff,0xffff,0xffff,0xffff,0xffff,0xffff,0xffff,
0xffff,0xffff,0xffff,0xffff,0xffff,0xffff,0xffff,0xffff,0xad75,0x31a6,0x841,0x0,0x0,0x1082,0x528a,0xce59,
0xffff,0xffff,0xffff,0xffff,0xffff,0xffff,0xffff,0xffff,0xffff,0xffff,0xffff,0xffff,0xffff,0xffff,0xffff,0xffff,
0xffff,0xffff,0xffff,0xffff,0xffff,0xbdd7,0x20e4,0x20e4,0x20e4,0x20e4,0x20e4,0x20e4,0x20e4,0x20e4,0x20e4,0x20e4,
0x20e4,0x20e4,0x20e4,0x20e4,0x20e4,0x20e4,0x20e4,0x20e4,0x524a,0xffff,0xffff,0xffff,0xffff,0xffff,0xffff,0xffff,
0xffff,0xffff,0xffff,0xffff,0xffff,0xffff,0xffff,0xffff,0xffff,0xffff,0xffff,0xffff,0xffff,0xffff,0xffff,0xffff,
0xffff,0xffff,0xffff,0xffff,0xffff,0xffff,0xffff,0xffff,0xffff,0xffff,0xffff,0xffff,0xffff,0xffff,0xffff,0xffff,
0xffff,0xffff,0xffff,0xffff,0xffff,0xffff,0xffff,0xffff,0xef7d,0x4208,0x0,0x0,0x0,0x0,0x0,0x0,
0x0,0x3186,0xe71c,0xffff,0xffff,0xffff,0xffff,0xffff,0xffff,0xffff,0xffff,0xffff,0xffff,0xffff,0xffff,0xffff,
0xffff,0xffff,0x8430,0x0,0x0,0x0,0x0,0x0,0x0,0x0,0x861,0xa534,0xffff,0xffff,0xffff,0xffff,
0xffff,0xffff,0xffff,0xffff,0xffff,0xffff,0xffff,0xffff,0xffff,0xffff,0xffff,0xffff,0xffff,0xffff,0xffff,0xffff,
0xe73c,0x2925,0x20e4,0x20e4,0x20e4,0x20e4,0x20e4,0x20e4,0x20e4,0x20e4,0x20e4,0x20e4,0x20e4,0x20e4,0x20e4,0x20e4,
0x20e4,0x20e4,0x20e4,0x8410,0xffff,0xffff,0xffff,0xffff,0xffff,0xffff,0xffff,0xffff,0xffff,0xffff,0xffff,0xffff,
0xffff,0xffff,0xffff,0xffff,0xffff,0xffff,0xffff,0xffff,0xffff,0xffff,0xffff,0xffff,0xffff,0xffff,0xffff,0xffff,
0xffff,0xffff,0xffff,0xffff,0xffff,0xffff,0xffff,0xffff,0xffff,0xffff,0xffff,0xffff,0xffff,0xffff,0xffff,0xffff,
0xffff,0xffff,0xffff,0x632c,0x0,0x0,0x0,0x0,0x0,0x0,0x0,0x0,0x0,0x39e7,0xf7be,0xffff,
0xffff,0xffff,0xffff,0xffff,0xffff,0xffff,0xffff,0xffff,0xffff,0xffff,0xffff,0xffff,0xb5b6,0x0,0x0,0x0,
0x0,0x0,0x0,0x0,0x0,0x0,0x841,0xc638,0xffff,0xffff,0xffff,0xffff,0xffff,0xffff,0xffff,0xffff,
0xffff,0xffff,0xffff,0xffff,0xffff,0xffff,0xffff,0xffff,0xffff,0xffff,0xffff,0xffff,0x4a49,0x20e4,0x20e4,0x20e4,
0x20e4,0x20e4,0x20e4,0x20e4,0x20e4,0x20e4,0x20e4,0x20e4,0x20e4,0x20e4,0x20e4,0x20e4,0x20e4,0x20e4,0xbdd7,0xffff,
0xffff,0xffff,0xffff,0xffff,0xffff,0xffff,0xffff,0xffff,0xffff,0xffff,0xffff,0xffff,0xffff,0xffff,0xffff,0xffff,
0xffff,0xffff,0xffff,0xffff,0xffff,0xffff,0xffff,0xffff,0xffff,0xffff,0xffff,0xffff,0xffff,0xffff,0xffff,0xffff,
0xffff,0xffff,0xffff,0xffff,0xffff,0xffff,0xffff,0xffff,0xffff,0xffff,0xffff,0xffff,0xffff,0xce59,0x20,0x0,
0x0,0x0,0x0,0x0,0x0,0x0,0x0,0x0,0x0,0x9492,0xffff,0xffff,0xffff,0xffff,0xffff,0xffff,
0xffff,0xffff,0xffff,0xffff,0xffff,0xffff,0xffdf,0x31a6,0x0,0x0,0x0,0x0,0x0,0x0,0x0,0x0,
0x0,0x0,0x39e7,0xffdf,0xffff,0xffff,0xffff,0xffff,0xffff,0xffff,0xffff,0xffff,0xffff,0xffff,0xffff,0xffff,
0xffff,0xffff,0xffff,0xffff,0xffff,0xffff,0xffff,0x7baf,0x20e4,0x20e4,0x20e4,0x20e4,0x20e4,0x20e4,0x20e4,0x20e4,
0x20e4,0x20e4,0x20e4,0x20e4,0x20e4,0x20e4,0x20e4,0x20e4,0x2905,0xe71c,0xffff,0xffff,0xffff,0xffff,0xffff,0xffff,
0xffff,0xffff,0xffff,0xffff,0xffff,0xffff,0xffff,0xffff,0xffff,0xffff,0xffff,0xffff,0xffff,0xffff,0xffff,0xffff,
0xffff,0xffff,0xffff,0xffff,0xffff,0xffff,0xffff,0xffff,0xffff,0xffff,0xffff,0xffff,0xffff,0xffff,0xffff,0xffff,
0xffff,0xffff,0xffff,0xffff,0xffff,0xffff,0xffff,0xffff,0x632c,0x0,0x0,0x0,0x0,0x0,0x0,0x0,
0x0,0x0,0x0,0x0,0x2124,0xf7be,0xffff,0xffff,0xffff,0xffff,0xffff,0xffff,0xffff,0xffff,0xffff,0xffff,
0xffff,0xbdf7,0x0,0x0,0x0,0x0,0x0,0x0,0x0,0x0,0x0,0x0,0x0,0x0,0xbdd7,0xffff,
0xffff,0xffff,0xffff,0xffff,0xffff,0xffff,0xffff,0xffff,0xffff,0xffff,0xffff,0xffff,0xffff,0xffff,0xffff,0xffff,
0xffff,0xffff,0xad35,0x20e4,0x20e4,0x20e4,0x20e4,0x20e4,0x20e4,0x20e4,0x20e4,0x20e4,0x20e4,0x20e4,0x20e4,0x20e4,
0x20e4,0x20e4,0x20e4,0x41e8,0xffdf,0xffff,0xffff,0xffff,0xffff,0xffff,0xffff,0xffff,0xffff,0xffff,0xffff,0xffff,
0xffff,0xffff,0xffff,0xffff,0xffff,0xffff,0xffff,0xffff,0xffff,0xffff,0xffff,0xffff,0xffff,0xffff,0xffff,0xffff,
0xffff,0xffff,0xffff,0xffff,0xffff,0xffff,0xffff,0xffff,0xffff,0xffff,0xffff,0xffff,0xffff,0xffff,0xffff,0xffff,
0xffff,0xffff,0xf7be,0x2104,0x0,0x0,0x0,0x0,0x0,0x0,0x0,0x0,0x0,0x0,0x0,0x0,
0xbdd7,0xffff,0xffff,0xffff,0xffff,0xffff,0xffff,0xffff,0xffff,0xffff,0xffff,0xffff,0x738e,0x0,0x0,0x0,
0x0,0x0,0x0,0x0,0x0,0x0,0x0,0x0,0x0,0x630c,0xffff,0xffff,0xffff,0xffff,0xffff,0xffff,
0xffff,0xffff,0xffff,0xffff,0xffff,0xffff,0xffff,0xffff,0xffff,0xffff,0xffff,0xffff,0xffff,0xd67a,0x20e4,0x20e4,
0x20e4,0x20e4,0x20e4,0x20e4,0x20e4,0x20e4,0x20e4,0x20e4,0x20e4,0x20e4,0x20e4,0x20e4,0x20e4,0x20e4,0x6b2d,0xffff,
0xffff,0xffff,0xffff,0xffff,0xffff,0xffff,0xffff,0xffff,0xffff,0xffff,0xffff,0xffff,0xffff,0xffff,0xffff,0xffff,
0xffff,0xffff,0xffff,0xffff,0xffff,0xffff,0xffff,0xffff,0xffff,0xffff,0xffff,0xffff,0xffff,0xffff,0xffff,0xffff,
0xffff,0xffff,0xffff,0xffff,0xffff,0xffff,0xffff,0xffff,0xffff,0xffff,0xffff,0xffff,0xffff,0xce79,0x0,0x0,
0x0,0x0,0x0,0x0,0x0,0x0,0x0,0x0,0x0,0x0,0x0,0x7bcf,0xffff,0xffff,0xffff,0xffff,
0xffff,0xffff,0xffff,0xffff,0xffff,0xffff,0xffff,0x39c7,0x0,0x0,0x0,0x0,0x0,0x0,0x0,0x0,
0x0,0x0,0x0,0x0,0x2124,0xf7be,0xffff,0xffff,0xffff,0xffff,0xffff,0xffff,0xffff,0xffff,0xffff,0xffff,
0xffff,0xffff,0xffff,0xffff,0xffff,0xffff,0xffff,0xffff,0xef7d,0x3146,0x20e4,0x20e4,0x20e4,0x20e4,0x20e4,0x20e4,
0x20e4,0x20e4,0x20e4,0x20e4,0x20e4,0x20e4,0x20e4,0x20e4,0x20e4,0x9472,0xffff,0xffff,0xffff,0xffff,0xffff,0xffff,
0xffff,0xffff,0xffff,0xffff,0xffff,0xffff,0xffff,0xffff,0xffff,0xffff,0xffff,0xffff,0xffff,0xffff,0xffff,0xffff,
0xffff,0xffff,0xffff,0xffff,0xffff,0xffff,0xffff,0xffff,0xffff,0xffff,0xffff,0xffff,0xffff,0xffff,0xffff,0xffff,
0xffff,0xffff,0xffff,0xffff,0xffff,0xffff,0xffff,0xffff,0xa534,0x0,0x0,0x0,0x0,0x0,0x0,0x0,
0x0,0x0,0x0,0x0,0x0,0x0,0x4228,0xffff,0xffff,0xffff,0xffff,0xffff,0xffff,0xffff,0xffff,0xffff,
0xffff,0xef7d,0x10a2,0x0,0x0,0x0,0x0,0x0,0x0,0x0,0x0,0x0,0x0,0x0,0x0,0x841,
0xdedb,0xffff,0xffff,0xffff,0xffff,0xffff,0xffff,0xffff,0xffff,0xffff,0xffff,0xffff,0xffff,0xffff,0xffff,0xffff,
0xffff,0xffff,0xffff,0xffff,0x4a29,0x20e4,0x20e4,0x20e4,0x20e4,0x20e4,0x20e4,0x20e4,0x20e4,0x20e4,0x20e4,0x20e4,
0x20e4,0x20e4,0x20e4,0x20e4,0xb596,0xffff,0xffff,0xffff,0xffff,0xffff,0xffff,0xffff,0xffff,0xffff,0xffff,0xffff,
0xffff,0xffff,0xffff,0xffff,0xffff,0xffff,0xffff,0xffff,0xffff,0xffff,0xffff,0xffff,0xffff,0xffff,0xffff,0xffff,
0xffff,0xffff,0xffff,0xffff,0xffff,0xffff,0xffff,0xffff,0xffff,0xffff,0xffff,0xffff,0xffff,0xffff,0xffff,0xffff,
0xffff,0xffff,0xffff,0x8430,0x0,0x0,0x0,0x0,0x0,0x0,0x0,0x0,0x0,0x0,0x0,0x0,
0x0,0x2945,0xffdf,0xffff,0xffff,0xffff,0xffff,0xffff,0xffff,0xffff,0xffff,0xffff,0xdedb,0x20,0x0,0x0,
0x0,0x0,0x0,0x0,0x0,0x0,0x0,0x0,0x0,0x0,0x0,0xbdf7,0xffff,0xffff,0xffff,0xffff,
0xffff,0xffff,0xffff,0xffff,0xffff,0xffff,0xffff,0xffff,0xffff,0xffff,0xffff,0xffff,0xffff,0xffff,0xffff,0x6b2d,
0x20e4,0x20e4,0x20e4,0x20e4,0x20e4,0x20e4,0x20e4,0x20e4,0x20e4,0x20e4,0x20e4,0x20e4,0x20e4,0x20e4,0x20e4,0xd69a,
0xffff,0xffff,0xffff,0xffff,0xffff,0xffff,0xffff,0xffff,0xffff,0xffff,0xffff,0xffff,0xffff,0xffff,0xffff,0xffff,
0xffff,0xffff,0xffff,0xffff,0xffff,0xffff,0xffff,0xffff,0xffff,0xffff,0xffff,0xffff,0xffff,0xffff,0xffff,0xffff,
0xffff,0xffff,0xffff,0xffff,0xffff,0xffff,0xffff,0xffff,0xffff,0xffff,0xffff,0xffff,0xffff,0xffff,0x6b6d,0x0,
0x0,0x0,0x0,0x0,0x0,0x0,0x0,0x0,0x0,0x0,0x0,0x0,0x10a2,0xef7d,0xffff,0xffff,
0xffff,0xffff,0xffff,0xffff,0xffff,0xffff,0xffff,0xc638,0x0,0x0,0x0,0x0,0x0,0x0,0x0,0x0,
0x0,0x0,0x0,0x0,0x0,0x0,0xa534,0xffff,0xffff,0xffff,0xffff,0xffff,0xffff,0xffff,0xffff,0xffff,
0xffff,0xffff,0xffff,0xffff,0xffff,0xffff,0xffff,0xffff,0xffff,0xffff,0x9452,0x20e4,0x20e4,0x20e4,0x20e4,0x20e4,
0x20e4,0x20e4,0x20e4,0x20e4,0x20e4,0x20e4,0x20e4,0x20e4,0x20e4,0x3146,0xef5d,0xffff,0xffff,0xffff,0xffff,0xffff,
0xffff,0xffff,0xffff,0xffff,0xffff,0xffff,0xffff,0xffff,0xffff,0xffff,0xffff,0xffff,0xffff,0xffff,0xffff,0xffff,
0xffff,0xffff,0xffff,0xffff,0xffff,0xffff,0xffff,0xffff,0xffff,0xffff,0xffff,0xffff,0xffff,0xffff,0xffff,0xffff,
0xffff,0xffff,0xffff,0xffff,0xffff,0xffff,0xffff,0xffff,0xffff,0x630c,0x0,0x0,0x0,0x0,0x0,0x0,
0x0,0x0,0x0,0x0,0x0,0x0,0x0,0x1082,0xe73c,0xffff,0xffff,0xffff,0xffff,0xffff,0xffff,0xffff,
0xffff,0xffff,0xbdd7,0x0,0x0,0x0,0x0,0x0,0x0,0x0,0x0,0x0,0x0,0x0,0x0,0x0,
0x0,0x9cd3,0xffff,0xffff,0xffff,0xffff,0xffff,0xffff,0xffff,0xffff,0xffff,0xffff,0xffff,0xffff,0xffff,0xffff,
0xffff,0xffff,0xffff,0xffff,0xffff,0xb576,0x20e4,0x20e4,0x20e4,0x20e4,0x20e4,0x20e4,0x20e4,0x20e4,0x20e4,0x20e4,
0x20e4,0x20e4,0x20e4,0x20e4,0x41e8,0xffdf,0xffff,0xffff,0xffff,0xffff,0xffff,0xffff,0xffff,0xffff,0xffff,0xffff,
0xffff,0xffff,0xffff,0xffff,0xffff,0xffff,0xffff,0xffff,0xffff,0xffff,0xffff,0xffff,0xffff,0xffff,0xffff,0xffff,
0xffff,0xffff,0xffff,0xffff,0xffff,0xffff,0xffff,0xffff,0xffff,0xffff,0xffff,0xffff,0xffff,0xffff,0xffff,0xffff,
0xffff,0xffff,0xffff,0xffff,0x5aeb,0x0,0x0,0x0,0x0,0x0,0x0,0x0,0x0,0x0,0x0,0x0,
0x0,0x0,0x861,0xe71c,0xffff,0xffff,0xffff,0xffff,0xffff,0xffff,0xffff,0xffff,0xffff,0xb5b6,0x0,0x0,
0x0,0x0,0x0,0x0,0x0,0x0,0x0,0x0,0x0,0x0,0x0,0x0,0x94b2,0xffff,0xffff,0xffff,
0xffff,0xffff,0xffff,0xffff,0xffff,0xffff,0xffff,0xffff,0xffff,0xffff,0xffff,0xffff,0xffff,0xffff,0xffff,0xffff,
0xce59,0x20e4,0x20e4,0x20e4,0x20e4,0x20e4,0x20e4,0x20e4,0x20e4,0x20e4,0x20e4,0x20e4,0x20e4,0x20e4,0x20e4,0x5aab,
0xffff,0xffff,0xffff,0xffff,0xffff,0xffff,0xffff,0xffff,0xffff,0xffff,0xffff,0xffff,0xffff,0xffff,0xffff,0xffff,
0xffff,0xffff,0xffff,0xffff,0xffff,0xffff,0xffff,0xffff,0xffff,0xffff,0xffff,0xffff,0xffff,0xffff,0xffff,0xffff,
0xffff,0xffff,0xffff,0xffff,0xffff,0xffff,0xffff,0xffff,0xffff,0xffff,0xffff,0xffff,0xffff,0xffff,0xffff,0x630c,
0x0,0x0,0x0,0x0,0x0,0x0,0x0,0x0,0x0,0x0,0x0,0x0,0x0,0x861,0xe73c,0xffff,
0xffff,0xffff,0xffff,0xffff,0xffff,0xffff,0xffff,0xffff,0xbdd7,0x0,0x0,0x0,0x0,0x0,0x0,0x0,
0x0,0x0,0x0,0x0,0x0,0x0,0x0,0x94b2,0xffff,0xffff,0xffff,0xffff,0xffff,0xffff,0xffff,0xffff,
0xffff,0xffff,0xffff,0xffff,0xffff,0xffff,0xffff,0xffff,0xffff,0xffff,0xffff,0xe71c,0x2905,0x20e4,0x20e4,0x20e4,
0x20e4,0x20e4,0x20e4,0x20e4,0x20e4,0x20e4,0x20e4,0x20e4,0x20e4,0x20e4,0x736e,0xffff,0xffff,0xffff,0xffff,0xffff,
0xffff,0xffff,0xffff,0xffff,0xffff,0xffff,0xffff,0xffff,0xffff,0xffff,0xffff,0xffff,0xffff,0xffff,0xffff,0xffff,
0xffff,0xffff,0xffff,0xffff,0xffff,0xffff,0xffff,0xffff,0xffff,0xffff,0xffff,0xffff,0xffff,0xffff,0xffff,0xffff,
0xffff,0xffff,0xffff,0xffff,0xffff,0xffff,0xffff,0xffff,0xffff,0xffff,0x6b6d,0x0,0x0,0x0,0x0,0x0,
0x0,0x0,0x0,0x0,0x0,0x0,0x0,0x0,0x10a2,0xef5d,0xffff,0xffff,0xffff,0xffff,0xffff,0xffff,
0xffff,0xffff,0xffff,0xc638,0x0,0x0,0x0,0x0,0x0,0x0,0x0,0x0,0x0,0x0,0x0,0x0,
0x0,0x0,0xa534,0xffff,0xffff,0xffff,0xffff,0xffff,0xffff,0xffff,0xffff,0xffff,0xffff,0xffff,0xffff,0xffff,
0xffff,0xffff,0xffff,0xffff,0xffff,0xffff,0xf79e,0x39a7,0x20e4,0x20e4,0x20e4,0x20e4,0x20e4,0x20e4,0x20e4,0x20e4,
0x20e4,0x20e4,0x20e4,0x20e4,0x20e4,0x8c51,0xffff,0xffff,0xffff,0xffff,0xffff,0xffff,0xffff,0xffff,0xffff,0xffff,
0xffff,0xffff,0xffff,0xffff,0xffff,0xffff,0xffff,0xffff,0xffff,0xffff,0xffff,0xffff,0xffff,0xffff,0xffff,0xffff,
0xffff,0xffff,0xffff,0xffff,0xffff,0xffff,0xffff,0xffff,0xffff,0xffff,0xffff,0xffff,0xffff,0xffff,0xffff,0xffff,
0xffff,0xffff,0xffff,0xffff,0xffff,0x8410,0x0,0x0,0x0,0x0,0x0,0x0,0x0,0x0,0x0,0x0,
0x0,0x0,0x0,0x2124,0xf7be,0xffff,0xffff,0xffff,0xffff,0xffff,0xffff,0xffff,0xffff,0xffff,0xd6ba,0x20,
0x0,0x0,0x0,0x0,0x0,0x0,0x0,0x0,0x0,0x0,0x0,0x0,0x0,0xbdd7,0xffff,0xffff,
0xffff,0xffff,0xffff,0xffff,0xffff,0xffff,0xffff,0xffff,0xffff,0xffff,0xffff,0xffff,0xffff,0xffff,0xffff,0xffff,
0xffff,0xffdf,0x524a,0x20e4,0x20e4,0x20e4,0x20e4,0x20e4,0x20e4,0x20e4,0x20e4,0x20e4,0x20e4,0x20e4,0x20e4,0x20e4,
0xa514,0xffff,0xffff,0xffff,0xffff,0xffff,0xffff,0xffff,0xffff,0xffff,0xffff,0xffff,0xffff,0xffff,0xffff,0xffff,
0xffff,0xffff,0xffff,0xffff,0xffff,0xffff,0xffff,0xffff,0xffff,0xffff,0xffff,0xffff,0xffff,0xffff,0xffff,0xffff,
0xffff,0xffff,0xffff,0xffff,0xffff,0xffff,0xffff,0xffff,0xffff,0xffff,0xffff,0xffff,0xffff,0xffff,0xffff,0xffff,
0xa514,0x0,0x0,0x0,0x0,0x0,0x0,0x0,0x0,0x0,0x0,0x0,0x0,0x0,0x4208,0xffff,
0xffff,0xffff,0xffff,0xffff,0xffff,0xffff,0xffff,0xffff,0xffff,0xef5d,0x10a2,0x0,0x0,0x0,0x0,0x0,
0x0,0x0,0x0,0x0,0x0,0x0,0x0,0x20,0xd6ba,0xffff,0xffff,0xffff,0xffff,0xffff,0xffff,0xffff,
0xffff,0xffff,0xffff,0xffff,0xffff,0xffff,0xffff,0xffff,0xffff,0xffff,0xffff,0xffff,0xffff,0x6b0d,0x20e4,0x20e4,
0x20e4,0x20e4,0x20e4,0x20e4,0x20e4,0x20e4,0x20e4,0x20e4,0x20e4,0x20e4,0x20e4,0xbdd7,0xffff,0xffff,0xffff,0xffff,
0xffff,0xffff,0xffff,0xffff,0xffff,0xffff,0xffff,0xffff,0xffff,0xffff,0xffff,0xffff,0xffff,0xffff,0xffff,0xffff,
0xffff,0xffff,0xffff,0xffff,0xffff,0xffff,0xffff,0xffff,0xffff,0xffff,0xffff,0xffff,0xffff,0xffff,0xffff,0xffff,
0xffff,0xffff,0xffff,0xffff,0xffff,0xffff,0xffff,0xffff,0xffff,0xffff,0xffff,0xce59,0x0,0x0,0x0,0x0,
0x0,0x0,0x0,0x0,0x0,0x0,0x0,0x0,0x0,0x738e,0xffff,0xffff,0xffff,0xffff,0xffff,0xffff,
0xffff,0xffff,0xffff,0xffff,0xffff,0x3186,0x0,0x0,0x0,0x0,0x0,0x0,0x0,0x0,0x0,0x0,
0x0,0x0,0x2104,0xf7be,0xffff,0xffff,0xffff,0xffff,0xffff,0xffff,0xffff,0xffff,0xffff,0xffff,0xffff,0xffff,
0xffff,0xffff,0xffff,0xffff,0xffff,0xffff,0xffff,0xffff,0x7bcf,0x20e4,0x20e4,0x20e4,0x20e4,0x20e4,0x20e4,0x20e4,
0x20e4,0x20e4,0x20e4,0x20e4,0x20e4,0x20e4,0xd67a,0xffff,0xffff,0xffff,0xffff,0xffff,0xffff,0xffff,0xffff,0xffff,
0xffff,0xffff,0xffff,0xffff,0xffff,0xffff,0xffff,0xffff,0xffff,0xffff,0xffff,0xffff,0xffff,0xffff,0xffff,0xffff,
0xffff,0xffff,0xffff,0xffff,0xffff,0xffff,0xffff,0xffff,0xffff,0xffff,0xffff,0xffff,0xffff,0xffff,0xffff,0xffff,
0xffff,0xffff,0xffff,0xffff,0xffff,0xffff,0xf79e,0x18c3,0x0,0x0,0x0,0x0,0x0,0x0,0x0,0x0,
0x0,0x0,0x0,0x0,0xb596,0xffff,0xffff,0xffff,0xffff,0xffff,0xffff,0xffff,0xffff,0xffff,0xffff,0xffff,
0x6b4d,0x0,0x0,0x0,0x0,0x0,0x0,0x0,0x0,0x0,0x0,0x0,0x0,0x5acb,0xffff,0xffff,
0xffff,0xffff,0xffff,0xffff,0xffff,0xffff,0xffff,0xffff,0xffff,0xffff,0xffff,0xffff,0xffff,0xffff,0xffff,0xffff,
0xffff,0xffff,0xffff,0x9492,0x20e4,0x20e4,0x20e4,0x20e4,0x20e4,0x20e4,0x20e4,0x20e4,0x20e4,0x20e4,0x20e4,0x20e4,
0x2905,0xe71c,0xffff,0xffff,0xffff,0xffff,0xffff,0xffff,0xffff,0xffff,0xffff,0xffff,0xffff,0xffff,0xffff,0xffff,
0xffff,0xffff,0xffff,0xffff,0xffff,0xffff,0xffff,0xffff,0xffff,0xffff,0xffff,0xffff,0xffff,0xffff,0xffff,0xffff,
0xffff,0xffff,0xffff,0xffff,0xffff,0xffff,0xffff,0xffff,0xffff,0xffff,0xffff,0xffff,0xffff,0xffff,0xffff,0xffff,
0xffff,0xffff,0x5acb,0x0,0x0,0x0,0x0,0x0,0x0,0x0,0x0,0x0,0x0,0x0,0x18e3,0xf79e,
0xffff,0xffff,0xffff,0xffff,0xffff,0xffff,0xffff,0xffff,0xffff,0xffff,0xffff,0xb5b6,0x0,0x0,0x0,0x0,
0x0,0x0,0x0,0x0,0x0,0x0,0x0,0x0,0xb596,0xffff,0xffff,0xffff,0xffff,0xffff,0xffff,0xffff,
0xffff,0xffff,0xffff,0xffff,0xffff,0xffff,0xffff,0xffff,0xffff,0xffff,0xffff,0xffff,0xffff,0xffff,0xad35,0x20e4,
0x20e4,0x20e4,0x20e4,0x20e4,0x20e4,0x20e4,0x20e4,0x20e4,0x20e4,0x20e4,0x20e4,0x3166,0xef7d,0xffff,0xffff,0xffff,
0xffff,0xffff,0xffff,0xffff,0xffff,0xffff,0xffff,0xffff,0xffff,0xffff,0xffff,0xffff,0xffff,0xffff,0xffff,0xffff,
0xffff,0xffff,0xffff,0xffff,0xffff,0xffff,0xffff,0xffff,0xffff,0xffff,0xffff,0xffff,0xffff,0xffff,0xffff,0xffff,
0xffff,0xffff,0xffff,0xffff,0xffff,0xffff,0xffff,0xffff,0xffff,0xffff,0xffff,0xffff,0xffff,0xbdf7,0x0,0x0,
0x0,0x0,0x0,0x0,0x0,0x0,0x0,0x0,0x0,0x8410,0xffff,0xffff,0xffff,0xffff,0xffff,0xffff,
0xffff,0xffff,0xffff,0xffff,0xffff,0xffff,0xf7be,0x2945,0x0,0x0,0x0,0x0,0x0,0x0,0x0,0x0,
0x0,0x0,0x2965,0xf7be,0xffff,0xffff,0xffff,0xffff,0xffff,0xffff,0xffff,0xffff,0xffff,0xffff,0xffff,0xffff,
0xffff,0xffff,0xffff,0xffff,0xffff,0xffff,0xffff,0xffff,0xffff,0xbdd7,0x20e4,0x20e4,0x20e4,0x20e4,0x20e4,0x20e4,
0x20e4,0x20e4,0x20e4,0x20e4,0x20e4,0x20e4,0x41e8,0xffdf,0xffff,0xffff,0xffff,0xffff,0xffff,0xffff,0xffff,0xffff,
0xffff,0xffff,0xffff,0xffff,0xffff,0xffff,0xffff,0xffff,0xffff,0xffff,0xffff,0xffff,0xffff,0xffff,0xffff,0xffff,
0xffff,0xffff,0xffff,0xffff,0xffff,0xffff,0xffff,0xffff,0xffff,0xffff,0xffff,0xffff,0xffff,0xffff,0xffff,0xffff,
0xffff,0xffff,0xffff,0xffff,0xffff,0xffff,0xffff,0xffff,0xffff,0x528a,0x0,0x0,0x0,0x0,0x0,0x0,
0x0,0x0,0x0,0x2965,0xef7d,0xffff,0xffff,0xffff,0xffff,0xffff,0xffff,0xffff,0xffff,0xffff,0xffff,0xffff,
0xffff,0xffff,0xa534,0x0,0x0,0x0,0x0,0x0,0x0,0x0,0x0,0x0,0x20,0xbdd7,0xffff,0xffff,
0xffff,0xffff,0xffff,0xffff,0xffff,0xffff,0xffff,0xffff,0xffff,0xffff,0xffff,0xffff,0xffff,0xffff,0xffff,0xffff,
0xffff,0xffff,0xffff,0xffff,0xce59,0x20e4,0x20e4,0x20e4,0x20e4,0x20e4,0x20e4,0x20e4,0x20e4,0x20e4,0x20e4,0x20e4,
0x20e4,0x526a,0xffff,0xffff,0xffff,0xffff,0xffff,0xffff,0xffff,0xffff,0xffff,0xffff,0xffff,0xffff,0xffff,0xffff,
0xffff,0xffff,0xffff,0xffff,0xffff,0xffff,0xffff,0xffff,0xffff,0xffff,0xffff,0xffff,0xffff,0xffff,0xffff,0xffff,
0xffff,0xffff,0xffff,0xffff,0xffff,0xffff,0xffff,0xffff,0xffff,0xffff,0xffff,0xffff,0xffff,0xffff,0xffff,0xffff,
0xffff,0xffff,0xffff,0xffff,0xe71c,0x2945,0x0,0x0,0x0,0x0,0x0,0x0,0x0,0x2104,0xd69a,0xffff,
0xffff,0xffff,0xffff,0xffff,0xffff,0xffff,0xffff,0xffff,0xffff,0xffff,0xffff,0xffff,0xffff,0xffff,0x6b6d,0x0,
0x0,0x0,0x0,0x0,0x0,0x0,0x0,0x8c71,0xffff,0xffff,0xffff,0xffff,0xffff,0xffff,0xffff,0xffff,
0xffff,0xffff,0xffff,0xffff,0xffff,0xffff,0xffff,0xffff,0xffff,0xffff,0xffff,0xffff,0xffff,0xffff,0xffff,0xdebb,
0x20e4,0x20e4,0x20e4,0x20e4,0x20e4,0x20e4,0x20e4,0x20e4,0x20e4,0x20e4,0x20e4,0x20e4,0x6b0d,0xffff,0xffff,0xffff,
0xffff,0xffff,0xffff,0xffff,0xffff,0xffff,0xffff,0xffff,0xffff,0xffff,0xffff,0xffff,0xffff,0xffff,0xffff,0xffff,
0xffff,0xffff,0xffff,0xffff,0xffff,0xffff,0xffff,0xffff,0xffff,0xffff,0xffff,0xffff,0xffff,0xffff,0xffff,0xffff,
0xffff,0xffff,0xffff,0xffff,0xffff,0xffff,0xffff,0xffff,0xffff,0xffff,0xffff,0xffff,0xffff,0xffff,0xffff,0xffff,
0xe71c,0x5acb,0x841,0x0,0x0,0x0,0x841,0x52aa,0xdefb,0xffff,0xffff,0xffff,0xffff,0xffff,0xffff,0xffff,
0xffff,0xffff,0xffff,0xffff,0xffff,0xffff,0xffff,0xffff,0xffff,0xffff,0x8c51,0x18c3,0x0,0x0,0x0,0x0,
0x3186,0xad75,0xffff,0xffff,0xffff,0xffff,0xffff,0xffff,0xffff,0xffff,0xffff,0xffff,0xffff,0xffff,0xffff,0xffff,
0xffff,0xffff,0xffff,0xffff,0xffff,0xffff,0xffff,0xffff,0xffff,0xffff,0xe71c,0x20e4,0x20e4,0x20e4,0x20e4,0x20e4,
0x20e4,0x20e4,0x20e4,0x20e4,0x20e4,0x20e4,0x20e4,0x7bcf,0xffff,0xffff,0xffff,0xffff,0xffff,0xffff,0xffff,0xffff,
0xffff,0xffff,0xffff,0xffff,0xffff,0xffff,0xffff,0xffff,0xffff,0xffff,0xffff,0xffff,0xffff,0xffff,0xffff,0xffff,
0xffff,0xffff,0xffff,0xffff,0xffff,0xffff,0xffff,0xffff,0xffff,0xffff,0xffff,0xffff,0xffff,0xffff,0xffff,0xffff,
0xffff,0xffff,0xffff,0xffff,0xffff,0xffff,0xffff,0xffff,0xffff,0xffff,0xffff,0xffff,0xffff,0xdedb,0xad55,0x9cd3,
0xad55,0xdedb,0xffff,0xffff,0xffff,0xffff,0xffff,0xffff,0xffff,0xffff,0xffff,0xffff,0xffff,0xffff,0xffff,0xffff,
0xffff,0xffff,0xffff,0xffff,0xffff,0xffff,0xef5d,0xb5b6,0x9cd3,0xa514,0xc638,0xffdf,0xffff,0xffff,0xffff,0xffff,
0xffff,0xffff,0xffff,0xffff,0xffff,0xffff,0xffff,0xffff,0xffff,0xffff,0xffff,0xffff,0xffff,0xffff,0xffff,0xffff,
0xffff,0xffff,0xffff,0xffff,0xffff,0xef5d,0x20e4,0x20e4,0x20e4,0x20e4,0x20e4,0x20e4,0x20e4,0x20e4,0x20e4,0x20e4,
0x20e4,0x20e4,0x9492,0xffff,0xffff,0xffff,0xffff,0xffff,0xffff,0xffff,0xffff,0xffff,0xffff,0xffff,0xffff,0xffff,
0xffff,0xffff,0xffff,0xffff,0xffff,0xffff,0xffff,0xffff,0xffff,0xffff,0xffff,0xffff,0xffff,0xffff,0xffff,0xffff,
0xffff,0xffff,0xffff,0xffff,0xffff,0xffff,0xffff,0xffff,0xffff,0xffff,0xffff,0xffff,0xffff,0xffff,0xffff,0xffff,
0xffff,0xffff,0xffff,0xffff,0xffff,0xffff,0xffff,0xffff,0xffff,0xffff,0xffff,0xffff,0xffff,0xffff,0xffff,0xffff,
0xffff,0xffff,0xffff,0xffff,0xffff,0xffff,0xffff,0xffff,0xffff,0xffff,0xffff,0xffff,0xffff,0xffff,0xffff,0xffff,
0xffff,0xffff,0xffff,0xffff,0xffff,0xffff,0xffff,0xffff,0xffff,0xffff,0xffff,0xffff,0xffff,0xffff,0xffff,0xffff,
0xffff,0xffff,0xffff,0xffff,0xffff,0xffff,0xffff,0xffff,0xffff,0xffff,0xffff,0xffff,0xffff,0xffff,0xffff,0xffff,
0xf79e,0x20e4,0x20e4,0x20e4,0x20e4,0x20e4,0x20e4,0x20e4,0x20e4,0x20e4,0x20e4,0x20e4,0x20e4,0xad75,0xffff,0xffff,
0xffff,0xffff,0xffff,0xffff,0xffff,0xffff,0xffff,0xffff,0xffff,0xffff,0xffff,0xffff,0xffff,0xffff,0xffff,0xffff,
0xffff,0xffff,0xffff,0xffff,0xffff,0xffff,0xffff,0xffff,0xffff,0xffff,0xffff,0xffff,0xffff,0xffff,0xffff,0xffff,
0xffff,0xffff,0xffff,0xffff,0xffff,0xffff,0xffff,0xffff,0xffff,0xffff,0xffff,0xffff,0xffff,0xffff,0xffff,0xffff,
0xffff,0xffff,0xffff,0xffff,0xffff,0xffff,0xffff,0xffff,0xffff,0xffff,0xffff,0xffff,0xffff,0xffff,0xffff,0xffff,
0xffff,0xffff,0xffff,0xffff,0xffff,0xffff,0xffff,0xffff,0xffff,0xffff,0xffff,0xffff,0xffff,0xffff,0xffff,0xffff,
0xffff,0xffff,0xffff,0xffff,0xffff,0xffff,0xffff,0xffff,0xffff,0xffff,0xffff,0xffff,0xffff,0xffff,0xffff,0xffff,
0xffff,0xffff,0xffff,0xffff,0xffff,0xffff,0xffff,0xffff,0xffff,0xffff,0xffff,0xf7be,0x20e4,0x20e4,0x20e4,0x20e4,
0x20e4,0x20e4,0x20e4,0x20e4,0x20e4,0x20e4,0x20e4,0x20e4,0xc618,0xffff,0xffff,0xffff,0xffff,0xffff,0xffff,0xffff,
0xffff,0xffff,0xffff,0xffff,0xffff,0xffff,0xffff,0xffff,0xffff,0xffff,0xffff,0xffff,0xffff,0xffff,0xffff,0xffff,
0xffff,0xffff,0xffff,0xffff,0xffff,0xffff,0xffff,0xffff,0xffff,0xffff,0xffff,0xffff,0xffff,0xffff,0xffff,0xffff,
0xffff,0xffff,0xffff,0xffff,0xffff,0xffff,0xffff,0xffff,0xffff,0xffff,0xffff,0xffff,0xffff,0xffff,0xffff,0xffff,
0xffff,0xffff,0xffff,0xffff,0xffff,0xffff,0xffff,0xffff,0xffff,0xffff,0xffff,0xffff,0xffff,0xffff,0xffff,0xffff,
0xffff,0xffff,0xffff,0xffff,0xffff,0xffff,0xffff,0xffff,0xffff,0xffff,0xffff,0xffff,0xffff,0xffff,0xffff,0xffff,
0xffff,0xffff,0xffff,0xffff,0xffff,0xffff,0xffff,0xffff,0xffff,0xffff,0xffff,0xffff,0xffff,0xffff,0xffff,0xffff,
0xffff,0xffff,0xffff,0xffff,0xffff,0xffff,0xffdf,0x20e4,0x20e4,0x20e4,0x20e4,0x20e4,0x20e4,0x20e4,0x20e4,0x20e4,
0x20e4,0x20e4,0x20e4,0xdedb,0xffff,0xffff,0xffff,0xffff,0xffff,0xffff,0xffff,0xffff,0xffff,0xffff,0xffff,0xffff,
0xffff,0xffff,0xffff,0xffff,0xffff,0xffff,0xffff,0xffff,0xffff,0xffff,0xffff,0xffff,0xffff,0xffff,0xffff,0xffff,
0xffff,0xffff,0xffff,0xffff,0xffff,0xffff,0xffff,0xffff,0xffff,0xffff,0xffff,0xffff,0xffff,0xffff,0xffff,0xffff,
0xffff,0xffff,0xffff,0xffff,0xffff,0xffff,0xffff,0xffff,0xffff,0xffff,0xffff,0xffff,0xffff,0xffff,0xffff,0xffff,
0xffff,0xffff,0xffff,0xffff,0xffff,0xffff,0xffff,0xffff,0xffff,0xffff,0xffff,0xffff,0xffff,0xffff,0xffff,0xffff,
0xffff,0xffff,0xffff,0xffff,0xffff,0xffff,0xffff,0xffff,0xffff,0xffff,0xffff,0xffff,0xffff,0xffff,0xffff,0xffff,
0xffff,0xffff,0xffff,0xffff,0xffff,0xffff,0xffff,0xffff,0xffff,0xffff,0xffff,0xffff,0xffff,0xffff,0xffff,0xffff,
0xffff,0xffff,0x20e4,0x20e4,0x20e4,0x20e4,0x20e4,0x20e4,0x20e4,0x20e4,0x20e4,0x20e4,0x20e4,0x3146,0xef5d,0xffff,
0xffff,0xffff,0xffff,0xffff,0xffff,0xffff,0xffff,0xffff,0xffff,0xffff,0xffff,0xffff,0xffff,0xffff,0xffff,0xffff,
0xffff,0xffff,0xffff,0xffff,0xffff,0xffff,0xffff,0xffff,0xffff,0xffff,0xffff,0xffff,0xffff,0xffff,0xffff,0xffff,
0xffff,0xffff,0xffff,0xffff,0xffff,0xffff,0xffff,0xffff,0xffff,0xffff,0xffff,0xffff,0xffff,0xffff,0xffff,0xffff,
0xffff,0xffff,0xffff,0xffff,0xffff,0xffff,0xffff,0xffff,0xffff,0xffff,0xffff,0xffff,0xffff,0xffff,0xffff,0xffff,
0xffff,0xffff,0xffff,0xffff,0xffff,0xffff,0xffff,0xffff,0xffff,0xffff,0xffff,0xffff,0xffff,0xffff,0xffff,0xffff,
0xffff,0xffff,0xffff,0xffff,0xffff,0xffff,0xffff,0xffff,0xffff,0xffff,0xffff,0xffff,0xffff,0xffff,0xffff,0xffff,
0xffff,0xffff,0xffff,0xffff,0xffff,0xffff,0xffff,0xffff,0xffff,0xffff,0xffff,0xffff,0xffff,0x20e4,0x20e4,0x20e4,
0x20e4,0x20e4,0x20e4,0x20e4,0x20e4,0x20e4,0x20e4,0x20e4,0x41e8,0xffdf,0xffff,0xffff,0xffff,0xffff,0xffff,0xffff,
0xffff,0xffff,0xffff,0xffff,0xffff,0xffff,0xffff,0xffff,0xffff,0xffff,0xffff,0xffff,0xffff,0xffff,0xffff,0xffff,
0xffff,0xffff,0xffff,0xffff,0xffff,0xffff,0xffff,0xffff,0xffff,0xffff,0xffff,0xffff,0xffff,0xffff,0xffff,0xffff,
0xffff,0xffff,0xffff,0xffff,0xffff,0xffff,0xffff,0xffff,0xffff,0xffff,0xffff,0xffff,0xffff,0xffff,0xffff,0xffff,
0xffff,0xffff,0xffff,0xffff,0xffff,0xffff,0xffff,0xffff,0xffff,0xffff,0xffff,0xffff,0xffff,0xffff,0xffff,0xffff,
0xffff,0xffff,0xffff,0xffff,0xffff,0xffff,0xffff,0xffff,0xffff,0xffff,0xffff,0xffff,0xffff,0xffff,0xffff,0xffff,
0xffff,0xffff,0xffff,0xffff,0xffff,0xffff,0xffff,0xffff,0xffff,0xffff,0xffff,0xffff,0xffff,0xffff,0xffff,0xffff,
0xffff,0xffff,0xffff,0xffff,0xffff,0xffff,0xffff,0xffff,0x20e4,0x20e4,0x20e4,0x20e4,0x20e4,0x20e4,0x20e4,0x20e4,
0x20e4,0x20e4,0x20e4,0x5aab,0xffff,0xffff,0xffff,0xffff,0xffff,0xffff,0xffff,0xffff,0xffff,0xffff,0xffff,0xffff,
0xffff,0xffff,0xffff,0xffff,0xffff,0xffff,0xffff,0xffff,0xffff,0xffff,0xffff,0xffff,0xffff,0xffff,0xffff,0xffff,
0xffff,0xffff,0xffff,0xffff,0xffff,0xffff,0xffff,0xffff,0xffff,0xffff,0xffff,0xffff,0xffff,0xffff,0xffff,0xffff,
0xffff,0xffff,0xffff,0xffff,0xffff,0xffff,0xffff,0xffff,0xffff,0xffff,0xffff,0xffff,0xffff,0xffff,0xffff,0xffff,
0xffff,0xffff,0xffff,0xffff,0xffff,0xffff,0xffff,0xffff,0xffff,0xffff,0xffff,0xffff,0xffff,0xffff,0xffff,0xffff,
0xffff,0xffff,0xffff,0xffff,0xffff,0xffff,0xffff,0xffff,0xffff,0xffff,0xffff,0xffff,0xffff,0xffff,0xffff,0xffff,
0xffff,0xffff,0xffff,0xffff,0xffff,0xffff,0xffff,0xffff,0xffff,0xffff,0xffff,0xffff,0xffff,0xffff,0xffff,0xffff,
0xffff,0xffff,0xffff,0x20e4,0x20e4,0x20e4,0x20e4,0x20e4,0x20e4,0x20e4,0x20e4,0x20e4,0x20e4,0x20e4,0x7b8f,0xffff,
0xffff,0xffff,0xffff,0xffff,0xffff,0xffff,0xffff,0xffff,0xffff,0xffff,0xffff,0xffff,0xffff,0xffff,0xffff,0xffff,
0xffff,0xffff,0xffff,0xffff,0xffff,0xffff,0xffff,0xffff,0xffff,0xffff,0xffff,0xffff,0xffff,0xffff,0xffff,0xffff,
0xffff,0xffff,0xffff,0xffff,0xffff,0xffff,0xffff,0xffff,0xffff,0xffff,0xffff,0xffff,0xffff,0xffff,0xffff,0xffff,
0xffff,0xffff,0xffff,0xffff,0xffff,0xffff,0xffff,0xffff,0xffff,0xffff,0xffff,0xffff,0xffff,0xffff,0xffff,0xffff,
0xffff,0xffff,0xffff,0xffff,0xffff,0xffff,0xffff,0xffff,0xffff,0xffff,0xffff,0xffff,0xffff,0xffff,0xffff,0xffff,
0xffff,0xffff,0xffff,0xffff,0xffff,0xffff,0xffff,0xffff,0xffff,0xffff,0xffff,0xffff,0xffff,0xffff,0xffff,0xffff,
0xffff,0xffff,0xffff,0xffff,0xffff,0xffff,0xffff,0xffff,0xffff,0xffff,0xffff,0xffff,0xffff,0xffdf,0x20e4,0x20e4,
0x20e4,0x20e4,0x20e4,0x20e4,0x20e4,0x20e4,0x20e4,0x20e4,0x20e4,0x9cb3,0xffff,0xffff,0xffff,0xffff,0xffff,0xffff,
0xffff,0xffff,0xffff,0xffff,0xffff,0xffff,0xffff,0xffff,0xffff,0xffff,0xffff,0xffff,0xffff,0xffff,0xffff,0xffff,
0xffff,0xffff,0xffff,0xffff,0xffff,0xffff,0xffff,0xffff,0xffff,0xffff,0xffff,0xffff,0xffff,0xffff,0xffff,0xffff,
0xffff,0xffff,0xffff,0xffff,0xffff,0xffff,0xffff,0xffff,0xffff,0xffff,0xffff,0xffff,0xffff,0xffff,0xffff,0xffff,
0xffff,0xffff,0xffff,0xffff,0xffff,0xffff,0xffff,0xffff,0xffff,0xffff,0xffff,0xffff,0xffff,0xffff,0xffff,0xffff,
0xffff,0xffff,0xffff,0xffff,0xffff,0xffff,0xffff,0xffff,0xffff,0xffff,0xffff,0xffff,0xffff,0xffff,0xffff,0xffff,
0xffff,0xffff,0xffff,0xffff,0xffff,0xffff,0xffff,0xffff,0xffff,0xffff,0xffff,0xffff,0xffff,0xffff,0xffff,0xffff,
0xffff,0xffff,0xffff,0xffff,0xffff,0xffff,0xffff,0xffff,0xffdf,0x20e4,0x20e4,0x20e4,0x20e4,0x20e4,0x20e4,0x20e4,
0x20e4,0x20e4,0x20e4,0x20e4,0xbdb7,0xffff,0xffff,0xffff,0xffff,0xffff,0xffff,0xffff,0xffff,0xffff,0xffff,0xffff,
0xffff,0xffff,0xffff,0xffff,0xffff,0xffff,0xffff,0xffff,0xffff,0xffff,0xffff,0xffff,0xffff,0xffff,0xffff,0xffff,
0xffff,0xffff,0xffff,0xffff,0xffff,0xffff,0xffff,0xffff,0xffff,0xffff,0xffff,0xffff,0xffff,0xffff,0xffff,0xffff,
0xffff,0xffff,0xffff,0xffff,0xffff,0xffff,0xffff,0xffff,0xffff,0xffff,0xffff,0xffff,0xffff,0xffff,0xffff,0xffff,
0xffff,0xffff,0xffff,0xffff,0xffff,0xffff,0xffff,0xffff,0xffff,0xffff,0xffff,0xffff,0xffff,0xffff,0xffff,0xffff,
0xffff,0xffff,0xffff,0xffff,0xffff,0xffff,0xffff,0xffff,0xffff,0xffff,0xffff,0xffff,0xffff,0xffff,0xffff,0xffff,
0xffff,0xffff,0xffff,0xffff,0xffff,0xffff,0xffff,0xffff,0xffff,0xffff,0xffff,0xffff,0xffff,0xffff,0xffff,0xffff,
0xffff,0xffff,0xffff,0xf79e,0x20e4,0x20e4,0x20e4,0x20e4,0x20e4,0x20e4,0x20e4,0x20e4,0x20e4,0x20e4,0x20e4,0xd6ba,
0xffff,0xffff,0xffff,0xffff,0xffff,0xffff,0xffff,0xffff,0xffff,0xffff,0xffff,0xffff,0xffff,0xffff,0xffff,0xffff,
0xffff,0xffff,0xffff,0xffff,0xffff,0xffff,0xffff,0xffff,0xffff,0xffff,0xffff,0xffff,0xffff,0xffff,0xffff,0xffff,
0xffff,0xffff,0xffff,0xffff,0xffff,0xffff,0xffff,0xffff,0xffff,0xffff,0xffff,0xffff,0xffff,0xffff,0xffff,0xffff,
0xffff,0xffff,0xffff,0xffff,0xffff,0xffff,0xffff,0xffff,0xffff,0xffff,0xffff,0xffff,0xffff,0xffff,0xffff,0xffff,
0xffff,0xffff,0xffff,0xffff,0xffff,0xffff,0xffff,0xffff,0xffff,0xffff,0xffff,0xffff,0xffff,0xffff,0xffff,0xffff,
0xffff,0xffff,0xffff,0xffff,0xffff,0xffff,0xffff,0xffff,0xffff,0xffff,0xffff,0xffff,0xffff,0xffff,0xffff,0xffff,
0xffff,0xffff,0xffff,0xffff,0xffff,0xffff,0xffff,0xffff,0xffff,0xffff,0xffff,0xffff,0xffff,0xffff,0xef7d,0x20e4,
0x20e4,0x20e4,0x20e4,0x20e4,0x20e4,0x20e4,0x20e4,0x20e4,0x20e4,0x3166,0xef7d,0xffff,0xffff,0xffff,0xffff,0xffff,
0xffff,0xffff,0xffff,0xffff,0xffff,0xffff,0xffff,0xffff,0xffff,0xffff,0xffff,0xffff,0xffff,0xffff,0xffff,0xffff,
0xffff,0xffff,0xffff,0xffff,0xffff,0xffff,0xffff,0xffff,0xffff,0xffff,0xffff,0xffff,0xffff,0xffff,0xffff,0xffff,
0xffff,0xffff,0xffff,0xffff,0xffff,0xffff,0xffff,0xffff,0xffff,0xffff,0xffff,0xffff,0xffff,0xffff,0xffff,0xffff,
0xffff,0xffff,0xffff,0xffff,0xffff,0xffff,0xffff,0xffff,0xffff,0xffff,0xffff,0xffff,0xffff,0xffff,0xffff,0xffff,
0xffff,0xffff,0xffff,0xffff,0xffff,0xffff,0xffff,0xffff,0xffff,0xffff,0xffff,0xffff,0xffff,0xffff,0xffff,0xffff,
0xffff,0xffff,0xffff,0xffff,0xffff,0xffff,0xffff,0xffff,0xffff,0xffff,0xffff,0xffff,0xffff,0xffff,0xffff,0xffff,
0xffff,0xffff,0xffff,0xffff,0xffff,0xffff,0xffff,0xffff,0xffff,0xe73c,0x20e4,0x20e4,0x20e4,0x20e4,0x20e4,0x20e4,
0x20e4,0x20e4,0x20e4,0x20e4,0x4a29,0xffff,0xffff,0xffff,0xffff,0xffff,0xffff,0xffff,0xffff,0xffff,0xffff,0xffff,
0xffff,0xffff,0xffff,0xffff,0xffff,0xffff,0xffff,0xffff,0xffff,0xffff,0xffff,0xffff,0xffff,0xffff,0xffff,0xffff,
0xffff,0xffff,0xffff,0xffff,0xffff,0xffff,0xffff,0xffff,0xffff,0xffff,0xffff,0xffff,0xffff,0xffff,0xffff,0xffff,
0xffff,0xffff,0xffff,0xffff,0xffff,0xffff,0xffff,0xffff,0xffff,0xffff,0xffff,0xffff,0xffff,0xffff,0xffff,0xffff,
0xffff,0xffff,0xffff,0xffff,0xffff,0xffff,0xffff,0xffff,0xffff,0xffff,0xffff,0xffff,0xffff,0xffff,0xffff,0xffff,
0xffff,0xffff,0xffff,0xffff,0xffff,0xffff,0xffff,0xffff,0xffff,0xffff,0xffff,0xffff,0xffff,0xffff,0xffff,0xffff,
0xffff,0xffff,0xffff,0xffff,0xffff,0xffff,0xffff,0xffff,0xffff,0xffff,0xffff,0xffff,0xffff,0xffff,0xffff,0xffff,
0xffff,0xffff,0xffff,0xffff,0xdedb,0x20e4,0x20e4,0x20e4,0x20e4,0x20e4,0x20e4,0x20e4,0x20e4,0x20e4,0x20e4,0x734e,
0xffff,0xffff,0xffff,0xffff,0xffff,0xffff,0xffff,0xffff,0xffff,0xffff,0xffff,0xffff,0xffff,0xffff,0xffff,0xffff,
0xffff,0xffff,0xffff,0xffff,0xffff,0xffff,0xffff,0xffff,0xffff,0xffff,0xffff,0xffff,0xffff,0xffff,0xffff,0xffff,
0xffff,0xffff,0xffff,0xffff,0xffff,0xffff,0xffff,0xffff,0xffff,0xffff,0xffff,0xffff,0xffff,0xffff,0xffff,0xffff,
0xffff,0xffff,0xffff,0xffff,0xffff,0xffff,0xffff,0xffff,0xffff,0xffff,0xffff,0xffff,0xffff,0xffff,0xffff,0xffff,
0xffff,0xffff,0xffff,0xffff,0xffff,0xffff,0xffff,0xffff,0xffff,0xffff,0xffff,0xffff,0xffff,0xffff,0xffff,0xffff,
0xffff,0xffff,0xffff,0xffff,0xffff,0xffff,0xffff,0xffff,0xffff,0xffff,0xffff,0xffff,0xffff,0xffff,0xffff,0xffff,
0xffff,0xffff,0xffff,0xffff,0xffff,0xffff,0xffff,0xffff,0xffff,0xffff,0xffff,0xffff,0xffff,0xffff,0xffff,0xce59,
0x20e4,0x20e4,0x20e4,0x20e4,0x20e4,0x20e4,0x20e4,0x20e4,0x20e4,0x20e4,0x9cb3,0xffff,0xffff,0xffff,0xffff,0xffff,
0xffff,0xffff,0xffff,0xffff,0xffff,0xffff,0xffff,0xffff,0xffff,0xffff,0xffff,0xffff,0xffff,0xffff,0xffff,0xffff,
0xffff,0xffff,0xffff,0xffff,0xffff,0xffff,0xffff,0xffff,0xffff,0xffff,0xffff,0xffff,0xffff,0xffff,0xffff,0xffff,
0xffff,0xffff,0xffff,0xffff,0xffff,0xffff,0xffff,0xffff,0xffff,0xffff,0xffff,0xffff,0xffff,0xffff,0xffff,0xffff,
0xffff,0xffff,0xffff,0xffff,0xffff,0xffff,0xffff,0xffff,0xffff,0xffff,0xffff,0xffff,0xffff,0xffff,0xffff,0xffff,
0xffff,0xffff,0xffff,0xffff,0xffff,0xffff,0xffff,0xffff,0xffff,0xffff,0xffff,0xffff,0xffff,0xffff,0xffff,0xffff,
0xffff,0xffff,0xffff,0xffff,0xffff,0xffff,0xffff,0xffff,0xffff,0xffff,0xffff,0xffff,0xffff,0xffff,0xffff,0xffff,
0xffff,0xffff,0xffff,0xffff,0xffff,0xffff,0xffff,0xffff,0xffff,0xffff,0xbdd7,0x20e4,0x20e4,0x20e4,0x20e4,0x20e4,
0x20e4,0x20e4,0x20e4,0x20e4,0x20e4,0xc638,0xffff,0xffff,0xffff,0xffff,0xffff,0xffff,0xffff,0xffff,0xffff,0xffff,
0xffff,0xffff,0xffff,0xffff,0xffff,0xffff,0xffff,0xffff,0xffff,0xffff,0xffff,0xffff,0xffff,0xffff,0xffff,0xffff,
0xffff,0xffff,0xffff,0xffff,0xffff,0xffff,0xffff,0xffff,0xffff,0xffff,0xffff,0xffff,0xffff,0xffff,0xffff,0xffff,
0xffff,0xffff,0xffff,0xffff,0xffff,0xffff,0xffff,0xffff,0xffff,0xffff,0xffff,0xffff,0xffff,0xffff,0xffff,0xffff,
0xffff,0xffff,0xffff,0xffff,0xffff,0xffff,0xffff,0xffff,0xffff,0xffff,0xffff,0xffff,0xffff,0xffff,0xffff,0xffff,
0xffff,0xffff,0xffff,0xffff,0xffff,0xffff,0xffff,0xffff,0xffff,0xffff,0xffff,0xffff,0xffff,0xffff,0xffff,0xffff,
0xffff,0xffff,0xffff,0xffff,0xffff,0xffff,0xffff,0xffff,0xffff,0xffff,0xffff,0xffff,0xffff,0xffff,0xffff,0xffff,
0xffff,0xffff,0xffff,0xffff,0xffff,0xad55,0x20e4,0x20e4,0x20e4,0x20e4,0x20e4,0x20e4,0x20e4,0x20e4,0x20e4,0x3146,
0xef5d,0xffff,0xffff,0xffff,0xffff,0xffff,0xffff,0xffff,0xffff,0xffff,0xffff,0xffff,0xffff,0xffff,0xffff,0xffff,
0xffff,0xffff,0xffff,0xffff,0xffff,0xffff,0xffff,0xffff,0xffff,0xffff,0xffff,0xffff,0xffff,0xffff,0xffff,0xffff,
0xffff,0xffff,0xffff,0xffff,0xffff,0xffff,0xffff,0xffff,0xffff,0xffff,0xffff,0xffff,0xffff,0xffff,0xffff,0xffff,
0xffff,0xffff,0xffff,0xffff,0xffff,0xffff,0xffff,0xffff,0xffff,0xffff,0xffff,0xffff,0xffff,0xffff,0xffff,0xffff,
0xffff,0xffff,0xffff,0xffff,0xffff,0xffff,0xffff,0xffff,0xffff,0xffff,0xffff,0xffff,0xffff,0xffff,0xffff,0xffff,
0xffff,0xffff,0xffff,0xffff,0xffff,0xffff,0xffff,0xffff,0xffff,0xffff,0xffff,0xffff,0xffff,0xffff,0xffff,0xffff,
0xffff,0xffff,0xffff,0xffff,0xffff,0xffff,0xffff,0xffff,0xffff,0xffff,0xffff,0xffff,0xffff,0xffff,0xffff,0xffff,
0x9492,0x20e4,0x20e4,0x20e4,0x20e4,0x20e4,0x20e4,0x20e4,0x20e4,0x20e4,0x5a8b,0xffff,0xffff,0xffff,0xffff,0xffff,
0xffff,0xffff,0xffff,0xffff,0xffff,0xffff,0xffff,0xffff,0xffff,0xffff,0xffff,0xffff,0xffff,0xffff,0xffff,0xffff,
0xffff,0xffff,0xffff,0xffff,0xffff,0xffff,0xffff,0xffff,0xffff,0xffff,0xffff,0xffff,0xffff,0xffff,0xffff,0xffff,
0xffff,0xffff,0xffff,0xffff,0xffff,0xffff,0xffff,0xffff,0xffff,0xffff,0xffff,0xffff,0xffff,0xffff,0xffff,0xffff,
0xffff,0xffff,0xffff,0xffff,0xffff,0xffff,0xffff,0xffff,0xffff,0xffff,0xffff,0xffff,0xffff,0xffff,0xffff,0xffff,
0xffff,0xffff,0xffff,0xffff,0xffff,0xffff,0xffff,0xffff,0xffff,0xffff,0xffff,0xffff,0xffff,0xffff,0xffff,0xffff,
0xffff,0xffff,0xffff,0xffff,0xffff,0xffff,0xffff,0xffff,0xffff,0xffff,0xffff,0xffff,0xffff,0xffff,0xffff,0xffff,
0xffff,0xffff,0xffff,0xffff,0xffff,0xffff,0xffff,0xffff,0xffff,0xffff,0xffff,0x83f0,0x20e4,0x20e4,0x20e4,0x20e4,
0x20e4,0x20e4,0x20e4,0x20e4,0x20e4,0x9472,0xffff,0xffff,0xffff,0xffff,0xffff,0xffff,0xffff,0xffff,0xffff,0xffff,
0xffff,0xffff,0xffff,0xffff,0xffff,0xffff,0xffff,0xffff,0xffff,0xffff,0xffff,0xffff,0xffff,0xffff,0xffff,0xffff,
0xffff,0xffff,0xffff,0xffff,0xffff,0xffff,0xffff,0xffff,0xffff,0xffff,0xffff,0xffff,0xffff,0xffff,0xffff,0xffff,
0xffff,0xffff,0xffff,0xffff,0xffff,0xffff,0xffff,0xffff,0xffff,0xffff,0xffff,0xffff,0xffff,0xffff,0xffff,0xffff,
0xffff,0xffff,0xffff,0xffff,0xffff,0xffff,0xffff,0xffff,0xffff,0xffff,0xffff,0xffff,0xffff,0xffff,0xffff,0xffff,
0xffff,0xffff,0xffff,0xffff,0xffff,0xffff,0xffff,0xffff,0xffff,0xffff,0xffff,0xffff,0xffff,0xffff,0xffff,0xffff,
0xffff,0xffff,0xffff,0xffff,0xffff,0xffff,0xffff,0xffff,0xffff,0xffff,0xffff,0xffff,0xffff,0xffff,0xffff,0xffff,
0xffff,0xffff,0xffff,0xffff,0xffff,0xffff,0x6b0d,0x20e4,0x20e4,0x20e4,0x20e4,0x20e4,0x20e4,0x20e4,0x20e4,0x20e4,
0xce59,0xffff,0xffff,0xffff,0xffff,0xffff,0xffff,0xffff,0xffff,0xffff,0xffff,0xffff,0xffff,0xffff,0xffff,0xffff,
0xffff,0xffff,0xffff,0xffff,0xffff,0xffff,0xffff,0xffff,0xffff,0xffff,0xffff,0xffff,0xffff,0xffff,0xffff,0xffff,
0xffff,0xffff,0xffff,0xffff,0xffff,0xffff,0xffff,0xffff,0xffff,0xffff,0xffff,0xffff,0xffff,0xffff,0xffff,0xffff,
0xffff,0xffff,0xffff,0xffff,0xffff,0xffff,0xffff,0xffff,0xffff,0xffff,0xffff,0xffff,0xffff,0xffff,0xffff,0xffff,
0xffff,0xffff,0xffff,0xffff,0xffff,0xffff,0xffff,0xffff,0xffff,0xffff,0xffff,0xffff,0xffff,0xffff,0xffff,0xffff,
0xffff,0xffff,0xffff,0xffff,0xffff,0xffff,0xffff,0xffff,0xffff,0xffff,0xffff,0xffff,0xffff,0xffff,0xffff,0xffff,
0xffff,0xffff,0xffff,0xffff,0xffff,0xffff,0xffff,0xffff,0xffff,0xffff,0xffff,0xffff,0xffff,0xffff,0xffff,0xffff,
0xffdf,0x526a,0x20e4,0x20e4,0x20e4,0x20e4,0x20e4,0x20e4,0x20e4,0x20e4,0x41c8,0xf7be,0xffff,0xffff,0xffff,0xffff,
0xffff,0xffff,0xffff,0xffff,0xffff,0xffff,0xffff,0xffff,0xffff,0xffff,0xffff,0xffff,0xffff,0xffff,0xffff,0xffff,
0xffff,0xffff,0xffff,0xffff,0xffff,0xffff,0xffff,0xffff,0xffff,0xffff,0xffff,0xffff,0xffff,0xffff,0xffff,0xffff,
0xffff,0xffff,0xffff,0xffff,0xffff,0xffff,0xffff,0xffff,0xffff,0xffff,0xffff,0xffff,0xffff,0xffff,0xffff,0xffff,
0xffff,0xffff,0xffff,0xffff,0xffff,0xffff,0xffff,0xffff,0xffff,0xffff,0xffff,0xffff,0xffff,0xffff,0xffff,0xffff,
0xffff,0xffff,0xffff,0xffff,0xffff,0xffff,0xffff,0xffff,0xffff,0xffff,0xffff,0xffff,0xffff,0xffff,0xffff,0xffff,
0xffff,0xffff,0xffff,0xffff,0xffff,0xffff,0xffff,0xffff,0xffff,0xffff,0xffff,0xffff,0xffff,0xffff,0xffff,0xffff,
0xffff,0xffff,0xffff,0xffff,0xffff,0xffff,0xffff,0xffff,0xffff,0xffff,0xffff,0xf79e,0x39a7,0x20e4,0x20e4,0x20e4,
0x20e4,0x20e4,0x20e4,0x20e4,0x20e4,0x83f0,0xffff,0xffff,0xffff,0xffff,0xffff,0xffff,0xffff,0xffff,0xffff,0xffff,
0xffff,0xffff,0xffff,0xffff,0xffff,0xffff,0xffff,0xffff,0xffff,0xffff,0xffff,0xffff,0xffff,0xffff,0xffff,0xffff,
0xffff,0xffff,0xffff,0xffff,0xffff,0xffff,0xffff,0xffff,0xffff,0xffff,0xffff,0xffff,0xffff,0xffff,0xffff,0xffff,
0xffff,0xffff,0xffff,0xffff,0xffff,0xffff,0xffff,0xffff,0xffff,0xffff,0xffff,0xffff,0xffff,0xffff,0xffff,0xffff,
0xffff,0xffff,0xffff,0xffff,0xffff,0xffff,0xffff,0xffff,0xffff,0xffff,0xffff,0xffff,0xffff,0xffff,0xffff,0xffff,
0xffff,0xffff,0xffff,0xffff,0xffff,0xffff,0xffff,0xffff,0xffff,0xffff,0xffff,0xffff,0xffff,0xffff,0xffff,0xffff,
0xffff,0xffff,0xffff,0xffff,0xffff,0xffff,0xffff,0xffff,0xffff,0xffff,0xffff,0xffff,0xffff,0xffff,0xffff,0xffff,
0xffff,0xffff,0xffff,0xffff,0xffff,0xffff,0xe71c,0x2925,0x20e4,0x20e4,0x20e4,0x20e4,0x20e4,0x20e4,0x20e4,0x20e4,
0xce39,0xffff,0xffff,0xffff,0xffff,0xffff,0xffff,0xffff,0xffff,0xffff,0xffff,0xffff,0xffff,0xffff,0xffff,0xffff,
0xffff,0xffff,0xffff,0xffff,0xffff,0xffff,0xffff,0xffff,0xffff,0xffff,0xffff,0xffff,0xffff,0xffff,0xffff,0xffff,
0xffff,0xffff,0xffff,0xffff,0xffff,0xffff,0xffff,0xffff,0xffff,0xffff,0xffff,0xffff,0xffff,0xffff,0xffff,0xffff,
0xffff,0xffff,0xffff,0xffff,0xffff,0xffff,0xffff,0xffff,0xffff,0xffff,0xffff,0xffff,0xffff,0xffff,0xffff,0xffff,
0xffff,0xffff,0xffff,0xffff,0xffff,0xffff,0xffff,0xffff,0xffff,0xffff,0xffff,0xffff,0xffff,0xffff,0xffff,0xffff,
0xffff,0xffff,0xffff,0xffff,0xffff,0xffff,0xffff,0xffff,0xffff,0xffff,0xffff,0xffff,0xffff,0xffff,0xffff,0xffff,
0xffff,0xffff,0xffff,0xffff,0xffff,0xffff,0xffff,0xffff,0xffff,0xffff,0xffff,0xffff,0xffff,0xffff,0xffff,0xffff,
0xffff,0xce59,0x20e4,0x20e4,0x20e4,0x20e4,0x20e4,0x20e4,0x20e4,0x20e4,0x41e8,0xffdf,0xffff,0xffff,0xffff,0xffff,
0xffff,0xffff,0xffff,0xffff,0xffff,0xffff,0xffff,0xffff,0xffff,0xffff,0xffff,0xffff,0xffff,0xffff,0xffff,0xffff,
0xffff,0xffff,0xffff,0xffff,0xffff,0xffff,0xffff,0xffff,0xffff,0xffff,0xffff,0xffff,0xffff,0xffff,0xffff,0xffff,
0xffff,0xffff,0xffff,0xffff,0xffff,0xffff,0xffff,0xffff,0xffff,0xffff,0xffff,0xffff,0xffff,0xffff,0xffff,0xffff,
0xffff,0xffff,0xffff,0xffff,0xffff,0xffff,0xffff,0xffff,0xffff,0xffff,0xffff,0xffff,0xffff,0xffff,0xffff,0xffff,
0xffff,0xffff,0xffff,0xffff,0xffff,0xffff,0xffff,0xffff,0xffff,0xffff,0xffff,0xffff,0xffff,0xffff,0xffff,0xffff,
0xffff,0xffff,0xffff,0xffff,0xffff,0xffff,0xffff,0xffff,0xffff,0xffff,0xffff,0xffff,0xffff,0xffff,0xffff,0xffff,
0xffff,0xffff,0xffff,0xffff,0xffff,0xffff,0xffff,0xffff,0xffff,0xffff,0xffff,0xffff,0xb576,0x20e4,0x20e4,0x20e4,
0x20e4,0x20e4,0x20e4,0x20e4,0x20e4,0x9472,0xffff,0xffff,0xffff,0xffff,0xffff,0xffff,0xffff,0xffff,0xffff,0xffff,
0xffff,0xffff,0xffff,0xffff,0xffff,0xffff,0xffff,0xffff,0xffff,0xffff,0xffff,0xffff,0xffff,0xffff,0xffff,0xffff,
0xffff,0xffff,0xffff,0xffff,0xffff,0xffff,0xffff,0xffff,0xffff,0xffff,0xffff,0xffff,0xffff,0xffff,0xffff,0xffff,
0xffff,0xffff,0xffff,0xffff,0xffff,0xffff,0xffff,0xffff,0xffff,0xffff,0xffff,0xffff,0xffff,0xffff,0xffff,0xffff,
0xffff,0xffff,0xffff,0xffff,0xffff,0xffff,0xffff,0xffff,0xffff,0xffff,0xffff,0xffff,0xffff,0xffff,0xffff,0xffff,
0xffff,0xffff,0xffff,0xffff,0xffff,0xffff,0xffff,0xffff,0xffff,0xffff,0xffff,0xffff,0xffff,0xffff,0xffff,0xffff,
0xffff,0xffff,0xffff,0xffff,0xffff,0xffff,0xffff,0xffff,0xffff,0xffff,0xffff,0xffff,0xffff,0xffff,0xffff,0xffff,
0xffff,0xffff,0xffff,0xffff,0xffff,0xffff,0xffff,0x9452,0x20e4,0x20e4,0x20e4,0x20e4,0x20e4,0x20e4,0x20e4,0x2925,
0xe71c,0xffff,0xffff,0xffff,0xffff,0xffff,0xffff,0xffff,0xffff,0xffff,0xffff,0xffff,0xffff,0xffff,0xffff,0xffff,
0xffff,0xffff,0xffff,0xffff,0xffff,0xffff,0xffff,0xffff,0xffff,0xffff,0xffff,0xffff,0xffff,0xffff,0xffff,0xffff,
0xffff,0xffff,0xffff,0xffff,0xffff,0xffff,0xffff,0xffff,0xffff,0xffff,0xffff,0xffff,0xffff,0xffff,0xffff,0xffff,
0xffff,0xffff,0xffff,0xffff,0xffff,0xffff,0xffff,0xffff,0xffff,0xffff,0xffff,0xffff,0xffff,0xffff,0xffff,0xffff,
0xffff,0xffff,0xffff,0xffff,0xffff,0xffff,0xffff,0xffff,0xffff,0xffff,0xffff,0xffff,0xffff,0xffff,0xffff,0xffff,
0xffff,0xffff,0xffff,0xffff,0xffff,0xffff,0xffff,0xffff,0xffff,0xffff,0xffff,0xffff,0xffff,0xffff,0xffff,0xffff,
0xffff,0xffff,0xffff,0xffff,0xffff,0xffff,0xffff,0xffff,0xffff,0xffff,0xffff,0xffff,0xffff,0xffff,0xffff,0xffff,
0xffff,0xffff,0x6b2d,0x20e4,0x20e4,0x20e4,0x20e4,0x20e4,0x20e4,0x20e4,0x736e,0xffff,0xffff,0xffff,0xffff,0xffff,
0xffff,0xffff,0xffff,0xffff,0xffff,0xffff,0xffff,0xffff,0xffff,0xffff,0xffff,0xffff,0xffff,0xffff,0xffff,0xffff,
0xffff,0xffff,0xffff,0xffff,0xffff,0xffff,0xffff,0xffff,0xffff,0xffff,0xffff,0xffff,0xffff,0xffff,0xffff,0xffff,
0xffff,0xffff,0xffff,0xffff,0xffff,0xffff,0xffff,0xffff,0xffff,0xffff,0xffff,0xffff,0xffff,0xffff,0xffff,0xffff,
0xffff,0xffff,0xffff,0xffff,0xffff,0xffff,0xffff,0xffff,0xffff,0xffff,0xffff,0xffff,0xffff,0xffff,0xffff,0xffff,
0xffff,0xffff,0xffff,0xffff,0xffff,0xffff,0xffff,0xffff,0xffff,0xffff,0xffff,0xffff,0xffff,0xffff,0xffff,0xffff,
0xffff,0xffff,0xffff,0xffff,0xffff,0xffff,0xffff,0xffff,0xffff,0xffff,0xffff,0xffff,0xffff,0xffff,0xffff,0xffff,
0xffff,0xffff,0xffff,0xffff,0xffff,0xffff,0xffff,0xffff,0xffff,0xffff,0xffff,0xffff,0xffff,0x4a29,0x20e4,0x20e4,
0x20e4,0x20e4,0x20e4,0x20e4,0x20e4,0xd69a,0xffff,0xffff,0xffff,0xffff,0xffff,0xffff,0xffff,0xffff,0xffff,0xffff,
0xffff,0xffff,0xffff,0xffff,0xffff,0xffff,0xffff,0xffff,0xffff,0xffff,0xffff,0xffff,0xffff,0xffff,0xffff,0xffff,
0xffff,0xffff,0xffff,0xffff,0xffff,0xffff,0xffff,0xffff,0xffff,0xffff,0xffff,0xffff,0xffff,0xffff,0xffff,0xffff,
0xffff,0xffff,0xffff,0xffff,0xffff,0xffff,0xffff,0xffff,0xffff,0xffff,0xffff,0xffff,0xffff,0xffff,0xffff,0xffff,
0xffff,0xffff,0xffff,0xffff,0xffff,0xffff,0xffff,0xffff,0xffff,0xffff,0xffff,0xffff,0xffff,0xffff,0xffff,0xffff,
0xffff,0xffff,0xffff,0xffff,0xffff,0xffff,0xffff,0xffff,0xffff,0xffff,0xffff,0xffff,0xffff,0xffff,0xffff,0xffff,
0xffff,0xffff,0xffff,0xffff,0xffff,0xffff,0xffff,0xffff,0xffff,0xffff,0xffff,0xffff,0xffff,0xffff,0xffff,0xffff,
0xffff,0xffff,0xffff,0xffff,0xffff,0xffff,0xffff,0xef5d,0x3146,0x20e4,0x20e4,0x20e4,0x20e4,0x20e4,0x20e4,0x6b2d,
0xffff,0xffff,0xffff,0xffff,0xffff,0xffff,0xffff,0xffff,0xffff,0xffff,0xffff,0xffff,0xffff,0xffff,0xffff,0xffff,
0xffff,0xffff,0xffff,0xffff,0xffff,0xffff,0xffff,0xffff,0xffff,0xffff,0xffff,0xffff,0xffff,0xffff,0xffff,0xffff,
0xffff,0xffff,0xffff,0xffff,0xffff,0xffff,0xffff,0xffff,0xffff,0xffff,0xffff,0xffff,0xffff,0xffff,0xffff,0xffff,
0xffff,0xffff,0xffff,0xffff,0xffff,0xffff,0xffff,0xffff,0xffff,0xffff,0xffff,0xffff,0xffff,0xffff,0xffff,0xffff,
0xffff,0xffff,0xffff,0xffff,0xffff,0xffff,0xffff,0xffff,0xffff,0xffff,0xffff,0xffff,0xffff,0xffff,0xffff,0xffff,
0xffff,0xffff,0xffff,0xffff,0xffff,0xffff,0xffff,0xffff,0xffff,0xffff,0xffff,0xffff,0xffff,0xffff,0xffff,0xffff,
0xffff,0xffff,0xffff,0xffff,0xffff,0xffff,0xffff,0xffff,0xffff,0xffff,0xffff,0xffff,0xffff,0xffff,0xffff,0xffff,
0xffff,0xffff,0xce79,0x20e4,0x20e4,0x20e4,0x20e4,0x20e4,0x20e4,0x20e4,0xd69a,0xffff,0xffff,0xffff,0xffff,0xffff,
0xffff,0xffff,0xffff,0xffff,0xffff,0xffff,0xffff,0xffff,0xffff,0xffff,0xffff,0xffff,0xffff,0xffff,0xffff,0xffff,
0xffff,0xffff,0xffff,0xffff,0xffff,0xffff,0xffff,0xffff,0xffff,0xffff,0xffff,0xffff,0xffff,0xffff,0xffff,0xffff,
0xffff,0xffff,0xffff,0xffff,0xffff,0xffff,0xffff,0xffff,0xffff,0xffff,0xffff,0xffff,0xffff,0xffff,0xffff,0xffff,
0xffff,0xffff,0xffff,0xffff,0xffff,0xffff,0xffff,0xffff,0xffff,0xffff,0xffff,0xffff,0xffff,0xffff,0xffff,0xffff,
0xffff,0xffff,0xffff,0xffff,0xffff,0xffff,0xffff,0xffff,0xffff,0xffff,0xffff,0xffff,0xffff,0xffff,0xffff,0xffff,
0xffff,0xffff,0xffff,0xffff,0xffff,0xffff,0xffff,0xffff,0xffff,0xffff,0xffff,0xffff,0xffff,0xffff,0xffff,0xffff,
0xffff,0xffff,0xffff,0xffff,0xffff,0xffff,0xffff,0xffff,0xffff,0xffff,0xffff,0xffff,0xffff,0xad35,0x20e4,0x20e4,
0x20e4,0x20e4,0x20e4,0x20e4,0x736e,0xffff,0xffff,0xffff,0xffff,0xffff,0xffff,0xffff,0xffff,0xffff,0xffff,0xffff,
0xffff,0xffff,0xffff,0xffff,0xffff,0xffff,0xffff,0xffff,0xffff,0xffff,0xffff,0xffff,0xffff,0xffff,0xffff,0xffff,
0xffff,0xffff,0xffff,0xffff,0xffff,0xffff,0xffff,0xffff,0xffff,0xffff,0xffff,0xffff,0xffff,0xffff,0xffff,0xffff,
0xffff,0xffff,0xffff,0xffff,0xffff,0xffff,0xffff,0xffff,0xffff,0xffff,0xffff,0xffff,0xffff,0xffff,0xffff,0xffff,
0xffff,0xffff,0xffff,0xffff,0xffff,0xffff,0xffff,0xffff,0xffff,0xffff,0xffff,0xffff,0xffff,0xffff,0xffff,0xffff,
0xffff,0xffff,0xffff,0xffff,0xffff,0xffff,0xffff,0xffff,0xffff,0xffff,0xffff,0xffff,0xffff,0xffff,0xffff,0xffff,
0xffff,0xffff,0xffff,0xffff,0xffff,0xffff,0xffff,0xffff,0xffff,0xffff,0xffff,0xffff,0xffff,0xffff,0xffff,0xffff,
0xffff,0xffff,0xffff,0xffff,0xffff,0xffff,0xffff,0xffff,0x7baf,0x20e4,0x20e4,0x20e4,0x20e4,0x20e4,0x2905,0xdedb,
0xffff,0xffff,0xffff,0xffff,0xffff,0xffff,0xffff,0xffff,0xffff,0xffff,0xffff,0xffff,0xffff,0xffff,0xffff,0xffff,
0xffff,0xffff,0xffff,0xffff,0xffff,0xffff,0xffff,0xffff,0xffff,0xffff,0xffff,0xffff,0xffff,0xffff,0xffff,0xffff,
0xffff,0xffff,0xffff,0xffff,0xffff,0xffff,0xffff,0xffff,0xffff,0xffff,0xffff,0xffff,0xffff,0xffff,0xffff,0xffff,
0xffff,0xffff,0xffff,0xffff,0xffff,0xffff,0xffff,0xffff,0xffff,0xffff,0xffff,0xffff,0xffff,0xffff,0xffff,0xffff,
0xffff,0xffff,0xffff,0xffff,0xffff,0xffff,0xffff,0xffff,0xffff,0xffff,0xffff,0xffff,0xffff,0xffff,0xffff,0xffff,
0xffff,0xffff,0xffff,0xffff,0xffff,0xffff,0xffff,0xffff,0xffff,0xffff,0xffff,0xffff,0xffff,0xffff,0xffff,0xffff,
0xffff,0xffff,0xffff,0xffff,0xffff,0xffff,0xffff,0xffff,0xffff,0xffff,0xffff,0xffff,0xffff,0xffff,0xffff,0xffff,
0xffff,0xffff,0xffff,0x524a,0x20e4,0x20e4,0x20e4,0x20e4,0x20e4,0x7bcf,0xffff,0xffff,0xffff,0xffff,0xffff,0xffff,
0xffff,0xffff,0xffff,0xffff,0xffff,0xffff,0xffff,0xffff,0xffff,0xffff,0xffff,0xffff,0xffff,0xffff,0xffff,0xffff,
0xffff,0xffff,0xffff,0xffff,0xffff,0xffff,0xffff,0xffff,0xffff,0xffff,0xffff,0xffff,0xffff,0xffff,0xffff,0xffff,
0xffff,0xffff,0xffff,0xffff,0xffff,0xffff,0xffff,0xffff,0xffff,0xffff,0xffff,0xffff,0xffff,0xffff,0xffff,0xffff,
0xffff,0xffff,0xffff,0xffff,0xffff,0xffff,0xffff,0xffff,0xffff,0xffff,0xffff,0xffff,0xffff,0xffff,0xffff,0xffff,
0xffff,0xffff,0xffff,0xffff,0xffff,0xffff,0xffff,0xffff,0xffff,0xffff,0xffff,0xffff,0xffff,0xffff,0xffff,0xffff,
0xffff,0xffff,0xffff,0xffff,0xffff,0xffff,0xffff,0xffff,0xffff,0xffff,0xffff,0xffff,0xffff,0xffff,0xffff,0xffff,
0xffff,0xffff,0xffff,0xffff,0xffff,0xffff,0xffff,0xffff,0xffff,0xffff,0xffff,0xffff,0xffff,0xef3d,0x2925,0x20e4,
0x20e4,0x20e4,0x20e4,0x3146,0xe71c,0xffff,0xffff,0xffff,0xffff,0xffff,0xffff,0xffff,0xffff,0xffff,0xffff,0xffff,
0xffff,0xffff,0xffff,0xffff,0xffff,0xffff,0xffff,0xffff,0xffff,0xffff,0xffff,0xffff,0xffff,0xffff,0xffff,0xffff,
0xffff,0xffff,0xffff,0xffff,0xffff,0xffff,0xffff,0xffff,0xffff,0xffff,0xffff,0xffff,0xffff,0xffff,0xffff,0xffff,
0xffff,0xffff,0xffff,0xffff,0xffff,0xffff,0xffff,0xffff,0xffff,0xffff,0xffff,0xffff,0xffff,0xffff,0xffff,0xffff,
0xffff,0xffff,0xffff,0xffff,0xffff,0xffff,0xffff,0xffff,0xffff,0xffff,0xffff,0xffff,0xffff,0xffff,0xffff,0xffff,
0xffff,0xffff,0xffff,0xffff,0xffff,0xffff,0xffff,0xffff,0xffff,0xffff,0xffff,0xffff,0xffff,0xffff,0xffff,0xffff,
0xffff,0xffff,0xffff,0xffff,0xffff,0xffff,0xffff,0xffff,0xffff,0xffff,0xffff,0xffff,0xffff,0xffff,0xffff,0xffff,
0xffff,0xffff,0xffff,0xffff,0xffff,0xffff,0xffff,0xffff,0xc5f8,0x20e4,0x20e4,0x20e4,0x20e4,0x20e4,0x8c31,0xffff,
0xffff,0xffff,0xffff,0xffff,0xffff,0xffff,0xffff,0xffff,0xffff,0xffff,0xffff,0xffff,0xffff,0xffff,0xffff,0xffff,
0xffff,0xffff,0xffff,0xffff,0xffff,0xffff,0xffff,0xffff,0xffff,0xffff,0xffff,0xffff,0xffff,0xffff,0xffff,0xffff,
0xffff,0xffff,0xffff,0xffff,0xffff,0xffff,0xffff,0xffff,0xffff,0xffff,0xffff,0xffff,0xffff,0xffff,0xffff,0xffff,
0xffff,0xffff,0xffff,0xffff,0xffff,0xffff,0xffff,0xffff,0xffff,0xffff,0xffff,0xffff,0xffff,0xffff,0xffff,0xffff,
0xffff,0xffff,0xffff,0xffff,0xffff,0xffff,0xffff,0xffff,0xffff,0xffff,0xffff,0xffff,0xffff,0xffff,0xffff,0xffff,
0xffff,0xffff,0xffff,0xffff,0xffff,0xffff,0xffff,0xffff,0xffff,0xffff,0xffff,0xffff,0xffff,0xffff,0xffff,0xffff,
0xffff,0xffff,0xffff,0xffff,0xffff,0xffff,0xffff,0xffff,0xffff,0xffff,0xffff,0xffff,0xffff,0xffff,0xffff,0xffff,
0xffff,0xffff,0xffff,0x8c51,0x20e4,0x20e4,0x20e4,0x20e4,0x3987,0xef5d,0xffff,0xffff,0xffff,0xffff,0xffff,0xffff,
0xffff,0xffff,0xffff,0xffff,0xffff,0xffff,0xffff,0xffff,0xffff,0xffff,0xffff,0xffff,0xffff,0xffff,0xffff,0xffff,
0xffff,0xffff,0xffff,0xffff,0xffff,0xffff,0xffff,0xffff,0xffff,0xffff,0xffff,0xffff,0xffff,0xffff,0xffff,0xffff,
0xffff,0xffff,0xffff,0xffff,0xffff,0xffff,0xffff,0xffff,0xffff,0xffff,0xffff,0xffff,0xffff,0xffff,0xffff,0xffff,
0xffff,0xffff,0xffff,0xffff,0xffff,0xffff,0xffff,0xffff,0xffff,0xffff,0xffff,0xffff,0xffff,0xffff,0xffff,0xffff,
0xffff,0xffff,0xffff,0xffff,0xffff,0xffff,0xffff,0xffff,0xffff,0xffff,0xffff,0xffff,0xffff,0xffff,0xffff,0xffff,
0xffff,0xffff,0xffff,0xffff,0xffff,0xffff,0xffff,0xffff,0xffff,0xffff,0xffff,0xffff,0xffff,0xffff,0xffff,0xffff,
0xffff,0xffff,0xffff,0xffff,0xffff,0xffff,0xffff,0xffff,0xffff,0xffff,0xffff,0xffff,0xffff,0xffff,0x5a8b,0x20e4,
0x20e4,0x20e4,0x20e4,0xa4f4,0xffff,0xffff,0xffff,0xffff,0xffff,0xffff,0xffff,0xffff,0xffff,0xffff,0xffff,0xffff,
0xffff,0xffff,0xffff,0xffff,0xffff,0xffff,0xffff,0xffff,0xffff,0xffff,0xffff,0xffff,0xffff,0xffff,0xffff,0xffff,
0xffff,0xffff,0xffff,0xffff,0xffff,0xffff,0xffff,0xffff,0xffff,0xffff,0xffff,0xffff,0xffff,0xffff,0xffff,0xffff,
0xffff,0xffff,0xffff,0xffff,0xffff,0xffff,0xffff,0xffff,0xffff,0xffff,0xffff,0xffff,0xffff,0xffff,0xffff,0xffff,
0xffff,0xffff,0xffff,0xffff,0xffff,0xffff,0xffff,0xffff,0xffff,0xffff,0xffff,0xffff,0xffff,0xffff,0xffff,0xffff,
0xffff,0xffff,0xffff,0xffff,0xffff,0xffff,0xffff,0xffff,0xffff,0xffff,0xffff,0xffff,0xffff,0xffff,0xffff,0xffff,
0xffff,0xffff,0xffff,0xffff,0xffff,0xffff,0xffff,0xffff,0xffff,0xffff,0xffff,0xffff,0xffff,0xffff,0xffff,0xffff,
0xffff,0xffff,0xffff,0xffff,0xffff,0xffff,0xffff,0xffff,0xef5d,0x3126,0x20e4,0x20e4,0x20e4,0x3987,0xef7d,0xffff,
0xffff,0xffff,0xffff,0xffff,0xffff,0xffff,0xffff,0xffff,0xffff,0xffff,0xffff,0xffff,0xffff,0xffff,0xffff,0xffff,
0xffff,0xffff,0xffff,0xffff,0xffff,0xffff,0xffff,0xffff,0xffff,0xffff,0xffff,0xffff,0xffff,0xffff,0xffff,0xffff,
0xffff,0xffff,0xffff,0xffff,0xffff,0xffff,0xffff,0xffff,0xffff,0xffff,0xffff,0xffff,0xffff,0xffff,0xffff,0xffff,
0xffff,0xffff,0xffff,0xffff,0xffff,0xffff,0xffff,0xffff,0xffff,0xffff,0xffff,0xffff,0xffff,0xffff,0xffff,0xffff,
0xffff,0xffff,0xffff,0xffff,0xffff,0xffff,0xffff,0xffff,0xffff,0xffff,0xffff,0xffff,0xffff,0xffff,0xffff,0xffff,
0xffff,0xffff,0xffff,0xffff,0xffff,0xffff,0xffff,0xffff,0xffff,0xffff,0xffff,0xffff,0xffff,0xffff,0xffff,0xffff,
0xffff,0xffff,0xffff,0xffff,0xffff,0xffff,0xffff,0xffff,0xffff,0xffff,0xffff,0xffff,0xffff,0xffff,0xffff,0xffff,
0xffff,0xffff,0xffff,0xbdd7,0x20e4,0x20e4,0x20e4,0x20e4,0x83d0,0xffff,0xffff,0xffff,0xffff,0xffff,0xffff,0xffff,
0xffff,0xffff,0xffff,0xffff,0xffff,0xffff,0xffff,0xffff,0xffff,0xffff,0xffff,0xffff,0xffff,0xffff,0xffff,0xffff,
0xffff,0xffff,0xffff,0xffff,0xffff,0xffff,0xffff,0xffff,0xffff,0xffff,0xffff,0xffff,0xffff,0xffff,0xffff,0xffff,
0xffff,0xffff,0xffff,0xffff,0xffff,0xffff,0xffff,0xffff,0xffff,0xffff,0xffff,0xffff,0xffff,0xffff,0xffff,0xffff,
0xffff,0xffff,0xffff,0xffff,0xffff,0xffff,0xffff,0xffff,0xffff,0xffff,0xffff,0xffff,0xffff,0xffff,0xffff,0xffff,
0xffff,0xffff,0xffff,0xffff,0xffff,0xffff,0xffff,0xffff,0xffff,0xffff,0xffff,0xffff,0xffff,0xffff,0xffff,0xffff,
0xffff,0xffff,0xffff,0xffff,0xffff,0xffff,0xffff,0xffff,0xffff,0xffff,0xffff,0xffff,0xffff,0xffff,0xffff,0xffff,
0xffff,0xffff,0xffff,0xffff,0xffff,0xffff,0xffff,0xffff,0xffff,0xffff,0xffff,0xffff,0xffff,0xffff,0x7bcf,0x20e4,
0x20e4,0x20e4,0x20e4,0xbdd7,0xffff,0xffff,0xffff,0xffff,0xffff,0xffff,0xffff,0xffff,0xffff,0xffff,0xffff,0xffff,
0xffff,0xffff,0xffff,0xffff,0xffff,0xffff,0xffff,0xffff,0xffff,0xffff,0xffff,0xffff,0xffff,0xffff,0xffff,0xffff,
0xffff,0xffff,0xffff,0xffff,0xffff,0xffff,0xffff,0xffff,0xffff,0xffff,0xffff,0xffff,0xffff,0xffff,0xffff,0xffff,
0xffff,0xffff,0xffff,0xffff,0xffff,0xffff,0xffff,0xffff,0xffff,0xffff,0xffff,0xffff,0xffff,0xffff,0xffff,0xffff,
0xffff,0xffff,0xffff,0xffff,0xffff,0xffff,0xffff,0xffff,0xffff,0xffff,0xffff,0xffff,0xffff,0xffff,0xffff,0xffff,
0xffff,0xffff,0xffff,0xffff,0xffff,0xffff,0xffff,0xffff,0xffff,0xffff,0xffff,0xffff,0xffff,0xffff,0xffff,0xffff,
0xffff,0xffff,0xffff,0xffff,0xffff,0xffff,0xffff,0xffff,0xffff,0xffff,0xffff,0xffff,0xffff,0xffff,0xffff,0xffff,
0xffff,0xffff,0xffff,0xffff,0xffff,0xffff,0xffff,0xffff,0xffdf,0x41e8,0x20e4,0x20e4,0x20e4,0x20e4,0xe71c,0xffff,
0xffff,0xffff,0xffff,0xffff,0xffff,0xffff,0xffff,0xffff,0xffff,0xffff,0xffff,0xffff,0xffff,0xffff,0xffff,0xffff,
0xffff,0xffff,0xffff,0xffff,0xffff,0xffff,0xffff,0xffff,0xffff,0xffff,0xffff,0xffff,0xffff,0xffff,0xffff,0xffff,
0xffff,0xffff,0xffff,0xffff,0xffff,0xffff,0xffff,0xffff,0xffff,0xffff,0xffff,0xffff,0xffff,0xffff,0xffff,0xffff,
0xffff,0xffff,0xffff,0xffff,0xffff,0xffff,0xffff,0xffff,0xffff,0xffff,0xffff,0xffff,0xffff,0xffff,0xffff,0xffff,
0xffff,0xffff,0xffff,0xffff,0xffff,0xffff,0xffff,0xffff,0xffff,0xffff,0xffff,0xffff,0xffff,0xffff,0xffff,0xffff,
0xffff,0xffff,0xffff,0xffff,0xffff,0xffff,0xffff,0xffff,0xffff,0xffff,0xffff,0xffff,0xffff,0xffff,0xffff,0xffff,
0xffff,0xffff,0xffff,0xffff,0xffff,0xffff,0xffff,0xffff,0xffff,0xffff,0xffff,0xffff,0xffff,0xffff,0xffff,0xffff,
0xffff,0xffff,0xffff,0xd69a,0x20e4,0x20e4,0x20e4,0x20e4,0x20e4,0xf7be,0xffff,0xffff,0xffff,0xffff,0xffff,0xffff,
0xffff,0xffff,0xffff,0xffff,0xffff,0xffff,0xffff,0xffff,0xffff,0xffff,0xffff,0xffff,0xffff,0xffff,0xffff,0xffff,
0xffff,0xffff,0xffff,0xffff,0xffff,0xffff,0xffff,0xffff,0xffff,0xffff,0xffff,0xffff,0xffff,0xffff,0xffff,0xffff,
0xffff,0xffff,0xffff,0xffff,0xffff,0xffff,0xffff,0xffff,0xffff,0xffff,0xffff,0xffff,0xffff,0xffff,0xffff,0xffff,
0xffff,0xffff,0xffff,0xffff,0xffff,0xffff,0xffff,0xffff,0xffff,0xffff,0xffff,0xffff,0xffff,0xffff,0xffff,0xffff,
0xffff,0xffff,0xffff,0xffff,0xffff,0xffff,0xffff,0xffff,0xffff,0xffff,0xffff,0xffff,0xffff,0xffff,0xffff,0xffff,
0xffff,0xffff,0xffff,0xffff,0xffff,0xffff,0xffff,0xffff,0xffff,0xffff,0xffff,0xffff,0xffff,0xffff,0xffff,0xffff,
0xffff,0xffff,0xffff,0xffff,0xffff,0xffff,0xffff,0xffff,0xffff,0xffff,0xffff,0xffff,0xffff,0xffff,0x9492,0x20e4,
0x20e4,0x20e4,0x20e4,0x20e4,0xffdf,0xffff,0xffff,0xffff,0xffff,0xffff,0xffff,0xffff,0xffff,0xffff,0xffff,0xffff,
0xffff,0xffff,0xffff,0xffff,0xffff,0xffff,0xffff,0xffff,0xffff,0xffff,0xffff,0xffff,0xffff,0xffff,0xffff,0xffff,
0xffff,0xffff,0xffff,0xffff,0xffff,0xffff,0xffff,0xffff,0xffff,0xffff,0xffff,0xffff,0xffff,0xffff,0xffff,0xffff,
0xffff,0xffff,0xffff,0xffff,0xffff,0xffff,0xffff,0xffff,0xffff,0xffff,0xffff,0xffff,0xffff,0xffff,0xffff,0xffff,
0xffff,0xffff,0xffff,0xffff,0xffff,0xffff,0xffff,0xffff,0xffff,0xffff,0xffff,0xffff,0xffff,0xffff,0xffff,0xffff,
0xffff,0xffff,0xffff,0xffff,0xffff,0xffff,0xffff,0xffff,0xffff,0xffff,0xffff,0xffff,0xffff,0xffff,0xffff,0xffff,
0xffff,0xffff,0xffff,0xffff,0xffff,0xffff,0xffff,0xffff,0xffff,0xffff,0xffff,0xffff,0xffff,0xffff,0xffff,0xffff,
0xffff,0xffff,0xffff,0xffff,0xffff,0xffff,0xffff,0xffff,0xffff,0x524a,0x20e4,0x20e4,0x20e4,0x20e4,0x20e4,0xf79e,
0xffff,0xffff,0xffff,0xffff,0xffff,0xffff,0xffff,0xffff,0xffff,0xffff,0xffff,0xffff,0xffff,0xffff,0xffff,0xffff,
0xffff,0xffff,0xffff,0xffff,0xffff,0xffff,0xffff,0xffff,0xffff,0xffff,0xffff,0xffff,0xffff,0xffff,0xffff,0xffff,
0xffff,0xffff,0xffff,0xffff,0xffff,0xffff,0xffff,0xffff,0xffff,0xffff,0xffff,0xffff,0xffff,0xffff,0xffff,0xffff,
0xffff,0xffff,0xffff,0xffff,0xffff,0xffff,0xffff,0xffff,0xffff,0xffff,0xffff,0xffff,0xffff,0xffff,0xffff,0xffff,
0xffff,0xffff,0xffff,0xffff,0xffff,0xffff,0xffff,0xffff,0xffff,0xffff,0xffff,0xffff,0xffff,0xffff,0xffff,0xffff,
0xffff,0xffff,0xffff,0xffff,0xffff,0xffff,0xffff,0xffff,0xffff,0xffff,0xffff,0xffff,0xffff,0xffff,0xffff,0xffff,
0xffff,0xffff,0xffff,0xffff,0xffff,0xffff,0xffff,0xffff,0xffff,0xffff,0xffff,0xffff,0xffff,0xffff,0xffff,0xffff,
0xffff,0xffff,0xffff,0xdedb,0x20e4,0x20e4,0x20e4,0x20e4,0x20e4,0x20e4,0xdefb,0xffff,0xffff,0xffff,0xffff,0xffff,
0xffff,0xffff,0xffff,0xffff,0xffff,0xffff,0xffff,0xffff,0xffff,0xffff,0xffff,0xffff,0xffff,0xffff,0xffff,0xffff,
0xffff,0xffff,0xffff,0xffff,0xffff,0xffff,0xffff,0xffff,0xffff,0xffff,0xffff,0xffff,0xffff,0xffff,0xffff,0xffff,
0xffff,0xffff,0xffff,0xffff,0xffff,0xffff,0xffff,0xffff,0xffff,0xffff,0xffff,0xffff,0xffff,0xffff,0xffff,0xffff,
0xffff,0xffff,0xffff,0xffff,0xffff,0xffff,0xffff,0xffff,0xffff,0xffff,0xffff,0xffff,0xffff,0xffff,0xffff,0xffff,
0xffff,0xffff,0xffff,0xffff,0xffff,0xffff,0xffff,0xffff,0xffff,0xffff,0xffff,0xffff,0xffff,0xffff,0xffff,0xffff,
0xffff,0xffff,0xffff,0xffff,0xffff,0xffff,0xffff,0xffff,0xffff,0xffff,0xffff,0xffff,0xffff,0xffff,0xffff,0xffff,
0xffff,0xffff,0xffff,0xffff,0xffff,0xffff,0xffff,0xffff,0xffff,0xffff,0xffff,0xffff,0xffff,0xffff,0x9492,0x20e4,
0x20e4,0x20e4,0x20e4,0x20e4,0x20e4,0xb576,0xffff,0xffff,0xffff,0xffff,0xffff,0xffff,0xffff,0xffff,0xffff,0xffff,
0xffff,0xffff,0xffff,0xffff,0xffff,0xffff,0xffff,0xffff,0xffff,0xffff,0xffff,0xffff,0xffff,0xffff,0xffff,0xffff,
0xffff,0xffff,0xffff,0xffff,0xffff,0xffff,0xffff,0xffff,0xffff,0xffff,0xffff,0xffff,0xffff,0xffff,0xffff,0xffff,
0xffff,0xffff,0xffff,0xffff,0xffff,0xffff,0xffff,0xffff,0xffff,0xffff,0xffff,0xffff,0xffff,0xffff,0xffff,0xffff,
0xffff,0xffff,0xffff,0xffff,0xffff,0xffff,0xffff,0xffff,0xffff,0xffff,0xffff,0xffff,0xffff,0xffff,0xffff,0xffff,
0xffff,0xffff,0xffff,0xffff,0xffff,0xffff,0xffff,0xffff,0xffff,0xffff,0xffff,0xffff,0xffff,0xffff,0xffff,0xffff,
0xffff,0xffff,0xffff,0xffff,0xffff,0xffff,0xffff,0xffff,0xffff,0xffff,0xffff,0xffff,0xffff,0xffff,0xffff,0xffff,
0xffff,0xffff,0xffff,0xffff,0xffff,0xffff,0xffff,0xffff,0xffdf,0x4a29,0x20e4,0x20e4,0x20e4,0x20e4,0x20e4,0x20e4,
0x6b2d,0xffff,0xffff,0xffff,0xffff,0xffff,0xffff,0xffff,0xffff,0xffff,0xffff,0xffff,0xffff,0xffff,0xffff,0xffff,
0xffff,0xffff,0xffff,0xffff,0xffff,0xffff,0xffff,0xffff,0xffff,0xffff,0xffff,0xffff,0xffff,0xffff,0xffff,0xffff,
0xffff,0xffff,0xffff,0xffff,0xffff,0xffff,0xffff,0xffff,0xffff,0xffff,0xffff,0xffff,0xffff,0xffff,0xffff,0xffff,
0xffff,0xffff,0xffff,0xffff,0xffff,0xffff,0xffff,0xffff,0xffff,0xffff,0xffff,0xffff,0xffff,0xffff,0xffff,0xffff,
0xffff,0xffff,0xffff,0xffff,0xffff,0xffff,0xffff,0xffff,0xffff,0xffff,0xffff,0xffff,0xffff,0xffff,0xffff,0xffff,
0xffff,0xffff,0xffff,0xffff,0xffff,0xffff,0xffff,0xffff,0xffff,0xffff,0xffff,0xffff,0xffff,0xffff,0xffff,0xffff,
0xffff,0xffff,0xffff,0xffff,0xffff,0xffff,0xffff,0xffff,0xffff,0xffff,0xffff,0xffff,0xffff,0xffff,0xffff,0xffff,
0xffff,0xffff,0xffff,0xd67a,0x20e4,0x20e4,0x20e4,0x20e4,0x20e4,0x20e4,0x20e4,0x2925,0xdefb,0xffff,0xffff,0xffff,
0xffff,0xffff,0xffff,0xffff,0xffff,0xffff,0xffff,0xffff,0xffff,0xffff,0xffff,0xffff,0xffff,0xffff,0xffff,0xffff,
0xffff,0xffff,0xffff,0xffff,0xffff,0xffff,0xffff,0xffff,0xffff,0xffff,0xffff,0xffff,0xffff,0xffff,0xffff,0xffff,
0xffff,0xffff,0xffff,0xffff,0xffff,0xffff,0xffff,0xffff,0xffff,0xffff,0xffff,0xffff,0xffff,0xffff,0xffff,0xffff,
0xffff,0xffff,0xffff,0xffff,0xffff,0xffff,0xffff,0xffff,0xffff,0xffff,0xffff,0xffff,0xffff,0xffff,0xffff,0xffff,
0xffff,0xffff,0xffff,0xffff,0xffff,0xffff,0xffff,0xffff,0xffff,0xffff,0xffff,0xffff,0xffff,0xffff,0xffff,0xffff,
0xffff,0xffff,0xffff,0xffff,0xffff,0xffff,0xffff,0xffff,0xffff,0xffff,0xffff,0xffff,0xffff,0xffff,0xffff,0xffff,
0xffff,0xffff,0xffff,0xffff,0xffff,0xffff,0xffff,0xffff,0xffff,0xffff,0xffff,0xffff,0xffff,0xffff,0x83f0,0x20e4,
0x20e4,0x20e4,0x20e4,0x20e4,0x20e4,0x20e4,0x20e4,0x7baf,0xffff,0xffff,0xffff,0xffff,0xffff,0xffff,0xffff,0xffff,
0xffff,0xffff,0xffff,0xffff,0xffff,0xffff,0xffff,0xffff,0xffff,0xffff,0xffff,0xffff,0xffff,0xffff,0xffff,0xffff,
0xffff,0xffff,0xffff,0xffff,0xffff,0xffff,0xffff,0xffff,0xffff,0xffff,0xffff,0xffff,0xffff,0xffff,0xffff,0xffff,
0xffff,0xffff,0xffff,0xffff,0xffff,0xffff,0xffff,0xffff,0xffff,0xffff,0xffff,0xffff,0xffff,0xffff,0xffff,0xffff,
0xffff,0xffff,0xffff,0xffff,0xffff,0xffff,0xffff,0xffff,0xffff,0xffff,0xffff,0xffff,0xffff,0xffff,0xffff,0xffff,
0xffff,0xffff,0xffff,0xffff,0xffff,0xffff,0xffff,0xffff,0xffff,0xffff,0xffff,0xffff,0xffff,0xffff,0xffff,0xffff,
0xffff,0xffff,0xffff,0xffff,0xffff,0xffff,0xffff,0xffff,0xffff,0xffff,0xffff,0xffff,0xffff,0xffff,0xffff,0xffff,
0xffff,0xffff,0xffff,0xffff,0xffff,0xffff,0xffff,0xffff,0xf79e,0x3987,0x20e4,0x20e4,0x20e4,0x20e4,0x20e4,0x20e4,
0x20e4,0x20e4,0x20e4,0xc618,0xffff,0xffff,0xffff,0xffff,0xffff,0xffff,0xffff,0xffff,0xffff,0xffff,0xffff,0xffff,
0xffff,0xffff,0xffff,0xffff,0xffff,0xffff,0xffff,0xffff,0xffff,0xffff,0xffff,0xffff,0xffff,0xffff,0xffff,0xffff,
0xffff,0xffff,0xffff,0xffff,0xffff,0xffff,0xffff,0xffff,0xffff,0xffff,0xffff,0xffff,0xffff,0xffff,0xffff,0xffff,
0xffff,0xffff,0xffff,0xffff,0xffff,0xffff,0xffff,0xffff,0xffff,0xffff,0xffff,0xffff,0xffff,0xffff,0xffff,0xffff,
0xffff,0xffff,0xffff,0xffff,0xffff,0xffff,0xffff,0xffff,0xffff,0xffff,0xffff,0xffff,0xffff,0xffff,0xffff,0xffff,
0xffff,0xffff,0xffff,0xffff,0xffff,0xffff,0xffff,0xffff,0xffff,0xffff,0xffff,0xffff,0xffff,0xffff,0xffff,0xffff,
0xffff,0xffff,0xffff,0xffff,0xffff,0xffff,0xffff,0xffff,0xffff,0xffff,0xffff,0xffff,0xffff,0xffff,0xffff,0xffff,
0xffff,0xffff,0xffff,0xb576,0x20e4,0x20e4,0x20e4,0x20e4,0x20e4,0x20e4,0x20e4,0x20e4,0x20e4,0x20e4,0x3987,0xd6ba,
0xffff,0xffff,0xffff,0xffff,0xffff,0xffff,0xffff,0xffff,0xffff,0xffff,0xffff,0xffff,0xffff,0xffff,0xffff,0xffff,
0xffff,0xffff,0xdebb,0xbdd7,0xffff,0xffff,0xffff,0xffff,0xffff,0xffff,0xffff,0xffff,0xffff,0xffff,0xffff,0xffff,
0xffff,0xffff,0xffff,0xffff,0xffff,0xffff,0xffff,0xffff,0xffff,0xffff,0xffff,0xffff,0xffff,0xffff,0xffff,0xffff,
0xffff,0xffff,0xffff,0xffff,0xffff,0xffff,0xffff,0xffff,0xffff,0xffff,0xffff,0xffff,0xffff,0xffff,0xffff,0xffff,
0xffff,0xffff,0xffff,0xffff,0xffff,0xffff,0xffff,0xffff,0xffff,0xffff,0xffff,0xffff,0xffff,0xffff,0xffff,0xffff,
0xffff,0xffff,0xffff,0xffff,0xffff,0xffff,0xffff,0xffff,0xffff,0xffff,0xffff,0xffff,0xffff,0xffff,0xffff,0xffff,
0xffff,0xffff,0xffff,0xffff,0xffff,0xffff,0xffff,0xffff,0xffff,0xffff,0xffff,0xffff,0xffff,0xffff,0x5aab,0x20e4,
0x20e4,0x20e4,0x20e4,0x20e4,0x20e4,0x20e4,0x20e4,0x20e4,0x20e4,0x20e4,0x3987,0xbdd7,0xffff,0xffff,0xffff,0xffff,
0xffff,0xffff,0xffff,0xffff,0xffff,0xffff,0xffff,0xffff,0xffff,0xffff,0xffdf,0xc618,0x734e,0x2905,0xbdb7,0xffff,
0xffff,0xffff,0xffff,0xffff,0xffff,0xffff,0xffff,0xffff,0xffff,0xffff,0xffff,0xffff,0xffff,0xffff,0xffff,0xffff,
0xffff,0xffff,0xffff,0xffff,0xffff,0xffff,0xffff,0xffff,0xffff,0xffff,0xffff,0xffff,0xffff,0xffff,0xffff,0xffff,
0xffff,0xffff,0xffff,0xffff,0xffff,0xffff,0xffff,0xffff,0xffff,0xffff,0xffff,0xffff,0xffff,0xffff,0xffff,0xffff,
0xffff,0xffff,0xffff,0xffff,0xffff,0xffff,0xffff,0xffff,0xffff,0xffff,0xffff,0xffff,0xffff,0xffff,0xffff,0xffff,
0xffff,0xffff,0xffff,0xffff,0xffff,0xffff,0xffff,0xffff,0xffff,0xffff,0xffff,0xffff,0xffff,0xffff,0xffff,0xffff,
0xffff,0xffff,0xffff,0xffff,0xffff,0xffff,0xffff,0xffff,0xd69a,0x20e4,0x20e4,0x20e4,0x20e4,0x20e4,0x20e4,0x20e4,
0x20e4,0x20e4,0x20e4,0x20e4,0x20e4,0x20e4,0x20e4,0x736e,0xd69a,0xffff,0xffff,0xffff,0xffff,0xffff,0xffff,0xffff,
0xffff,0xffff,0xf7be,0xce59,0x8c51,0x4a09,0x20e4,0x20e4,0x41e8,0xffdf,0xffff,0xffff,0xffff,0xffff,0xffff,0xffff,
0xffff,0xffff,0xffff,0xffff,0xffff,0xffff,0xffff,0xffff,0xffff,0xffff,0xffff,0xffff,0xffff,0xffff,0xffff,0xffff,
0xffff,0xffff,0xffff,0xffff,0xffff,0xffff,0xffff,0xffff,0xffff,0xffff,0xffff,0xffff,0xffff,0xffff,0xffff,0xffff,
0xffff,0xffff,0xffff,0xffff,0xffff,0xffff,0xffff,0xffff,0xffff,0xffff,0xffff,0xffff,0xffff,0xffff,0xffff,0xffff,
0xffff,0xffff,0xffff,0xffff,0xffff,0xffff,0xffff,0xffff,0xffff,0xffff,0xffff,0xffff,0xffff,0xffff,0xffff,0xffff,
0xffff,0xffff,0xffff,0xffff,0xffff,0xffff,0xffff,0xffff,0xffff,0xffff,0xffff,0xffff,0xffff,0xffff,0xffff,0xffff,
0xffff,0xffff,0xffff,0x7b8f,0x20e4,0x20e4,0x20e4,0x20e4,0x20e4,0x20e4,0x20e4,0x20e4,0x20e4,0x20e4,0x20e4,0x20e4,
0x20e4,0x20e4,0x20e4,0x20e4,0x524a,0x8410,0xad35,0xbdf7,0xc618,0xbdd7,0xad55,0x8c51,0x630c,0x39a7,0x20e4,0x20e4,
0x20e4,0x20e4,0x20e4,0x9492,0xffff,0xffff,0xffff,0xffff,0xffff,0xffff,0xffff,0xffff,0xffff,0xffff,0xffff,0xffff,
0xffff,0xffff,0xffff,0xffff,0xffff,0xffff,0xffff,0xffff,0xffff,0xffff,0xffff,0xffff,0xffff,0xffff,0xffff,0xffff,
0xffff,0xffff,0xffff,0xffff,0xffff,0xffff,0xffff,0xffff,0xffff,0xffff,0xffff,0xffff,0xffff,0xffff,0xffff,0xffff,
0xffff,0xffff,0xffff,0xffff,0xffff,0xffff,0xffff,0xffff,0xffff,0xffff,0xffff,0xffff,0xffff,0xffff,0xffff,0xffff,
0xffff,0xffff,0xffff,0xffff,0xffff,0xffff,0xffff,0xffff,0xffff,0xffff,0xffff,0xffff,0xffff,0xffff,0xffff,0xffff,
0xffff,0xffff,0xffff,0xffff,0xffff,0xffff,0xffff,0xffff,0xffff,0xffff,0xffff,0xffff,0xffff,0xe73c,0x2925,0x20e4,
0x20e4,0x20e4,0x20e4,0x20e4,0x20e4,0x20e4,0x20e4,0x20e4,0x20e4,0x20e4,0x20e4,0x20e4,0x20e4,0x20e4,0x20e4,0x20e4,
0x20e4,0x20e4,0x20e4,0x20e4,0x20e4,0x20e4,0x20e4,0x20e4,0x20e4,0x20e4,0x20e4,0x20e4,0x20e4,0x2905,0xdefb,0xffff,
0xffff,0xffff,0xffff,0xffff,0xffff,0xffff,0xffff,0xffff,0xffff,0xffff,0xffff,0xffff,0xffff,0xffff,0xffff,0xffff,
0xffff,0xffff,0xffff,0xffff,0xffff,0xffff,0xffff,0xffff,0xffff,0xffff,0xffff,0xffff,0xffff,0xffff,0xffff,0xffff,
0xffff,0xffff,0xffff,0xffff,0xffff,0xffff,0xffff,0xffff,0xffff,0xffff,0xffff,0xffff,0xffff,0xffff,0xffff,0xffff,
0xffff,0xffff,0xffff,0xffff,0xffff,0xffff,0xffff,0xffff,0xffff,0xffff,0xffff,0xffff,0xffff,0xffff,0xffff,0xffff,
0xffff,0xffff,0xffff,0xffff,0xffff,0xffff,0xffff,0xffff,0xffff,0xffff,0xffff,0xffff,0xffff,0xffff,0xffff,0xffff,
0xffff,0xffff,0xffff,0xffff,0xffff,0xffff,0xffff,0xffff,0x9452,0x20e4,0x20e4,0x20e4,0x20e4,0x20e4,0x20e4,0x20e4,
0x20e4,0x20e4,0x20e4,0x20e4,0x20e4,0x20e4,0x20e4,0x20e4,0x20e4,0x20e4,0x20e4,0x20e4,0x20e4,0x20e4,0x20e4,0x20e4,
0x20e4,0x20e4,0x20e4,0x20e4,0x20e4,0x20e4,0x20e4,0x20e4,0x5a8b,0xffff,0xffff,0xffff,0xffff,0xffff,0xffff,0xffff,
0xffff,0xffff,0xffff,0xffff,0xffff,0xffff,0xffff,0xffff,0xffff,0xffff,0xffff,0xffff,0xffff,0xffff,0xffff,0xffff,
0xffff,0xffff,0xffff,0xffff,0xffff,0xffff,0xffff,0xffff,0xffff,0xffff,0xffff,0xffff,0xffff,0xffff,0xffff,0xffff,
0xffff,0xffff,0xffff,0xffff,0xffff,0xffff,0xffff,0xffff,0xffff,0xffff,0xffff,0xffff,0xffff,0xffff,0xffff,0xffff,
0xffff,0xffff,0xffff,0xffff,0xffff,0xffff,0xffff,0xffff,0xffff,0xffff,0xffff,0xffff,0xffff,0xffff,0xffff,0xffff,
0xffff,0xffff,0xffff,0xffff,0xffff,0xffff,0xffff,0xffff,0xffff,0xffff,0xffff,0xffff,0xffff,0xffff,0xffff,0xffff,
0xffff,0xffff,0xef7d,0x3987,0x20e4,0x20e4,0x20e4,0x20e4,0x20e4,0x20e4,0x20e4,0x20e4,0x20e4,0x20e4,0x20e4,0x20e4,
0x20e4,0x20e4,0x20e4,0x20e4,0x20e4,0x20e4,0x20e4,0x20e4,0x20e4,0x20e4,0x20e4,0x20e4,0x20e4,0x20e4,0x20e4,0x20e4,
0x20e4,0x20e4,0x20e4,0x9cd3,0xffff,0xffff,0xffff,0xffff,0xffff,0xffff,0xffff,0xffff,0xffff,0xffff,0xffff,0xffff,
0xffff,0xffff,0xffff,0xffff,0xffff,0xffff,0xffff,0xffff,0xffff,0xffff,0xffff,0xffff,0xffff,0xffff,0xffff,0xffff,
0xffff,0xffff,0xffff,0xffff,0xffff,0xffff,0xffff,0xffff,0xffff,0xffff,0xffff,0xffff,0xffff,0xffff,0xffff,0xffff,
0xffff,0xffff,0xffff,0xffff,0xffff,0xffff,0xffff,0xffff,0xffff,0xffff,0xffff,0xffff,0xffff,0xffff,0xffff,0xffff,
0xffff,0xffff,0xffff,0xffff,0xffff,0xffff,0xffff,0xffff,0xffff,0xffff,0xffff,0xffff,0xffff,0xffff,0xffff,0xffff,
0xffff,0xffff,0xffff,0xffff,0xffff,0xffff,0xffff,0xffff,0xffff,0xffff,0xffff,0xffff,0xffff,0x9cb3,0x20e4,0x20e4,
0x20e4,0x20e4,0x20e4,0x20e4,0x20e4,0x20e4,0x20e4,0x20e4,0x20e4,0x20e4,0x20e4,0x20e4,0x20e4,0x20e4,0x20e4,0x20e4,
0x20e4,0x20e4,0x20e4,0x20e4,0x20e4,0x20e4,0x20e4,0x20e4,0x20e4,0x20e4,0x20e4,0x20e4,0x20e4,0x20e4,0xd6ba,0xffff,
0xffff,0xffff,0xffff,0xffff,0xffff,0xffff,0xffff,0xffff,0xffff,0xffff,0xffff,0xffff,0xffff,0xffff,0xffff,0xffff,
0xffff,0xffff,0xffff,0xffff,0xffff,0xffff,0xffff,0xffff,0xffff,0xffff,0xffff,0xffff,0xffff,0xffff,0xffff,0xffff,
0xffff,0xffff,0xffff,0xffff,0xffff,0xffff,0xffff,0xffff,0xffff,0xffff,0xffff,0xffff,0xffff,0xffff,0xffff,0xffff,
0xffff,0xffff,0xffff,0xffff,0xffff,0xffff,0xffff,0xffff,0xffff,0xffff,0xffff,0xffff,0xffff,0xffff,0xffff,0xffff,
0xffff,0xffff,0xffff,0xffff,0xffff,0xffff,0xffff,0xffff,0xffff,0xffff,0xffff,0xffff,0xffff,0xffff,0xffff,0xffff,
0xffff,0xffff,0xffff,0xffff,0xffff,0xffff,0xffff,0xf79e,0x39a7,0x20e4,0x20e4,0x20e4,0x20e4,0x20e4,0x20e4,0x20e4,
0x20e4,0x20e4,0x20e4,0x20e4,0x20e4,0x20e4,0x20e4,0x20e4,0x20e4,0x20e4,0x20e4,0x20e4,0x20e4,0x20e4,0x20e4,0x20e4,
0x20e4,0x20e4,0x20e4,0x20e4,0x20e4,0x20e4,0x20e4,0x20e4,0x41e8,0xffdf,0xffff,0xffff,0xffff,0xffff,0xffff,0xffff,
0xffff,0xffff,0xffff,0xffff,0xffff,0xffff,0xffff,0xffff,0xffff,0xffff,0xffff,0xffff,0xffff,0xffff,0xffff,0xffff,
0xffff,0xffff,0xffff,0xffff,0xffff,0xffff,0xffff,0xffff,0xffff,0xffff,0xffff,0xffff,0xffff,0xffff,0xffff,0xffff,
0xffff,0xffff,0xffff,0xffff,0xffff,0xffff,0xffff,0xffff,0xffff,0xffff,0xffff,0xffff,0xffff,0xffff,0xffff,0xffff,
0xffff,0xffff,0xffff,0xffff,0xffff,0xffff,0xffff,0xffff,0xffff,0xffff,0xffff,0xffff,0xffff,0xffff,0xffff,0xffff,
0xffff,0xffff,0xffff,0xffff,0xffff,0xffff,0xffff,0xffff,0xffff,0xffff,0xffff,0xffff,0xffff,0xffff,0xffff,0xffff,
0xffff,0xffff,0x9cd3,0x20e4,0x20e4,0x20e4,0x20e4,0x20e4,0x20e4,0x20e4,0x20e4,0x20e4,0x20e4,0x20e4,0x20e4,0x20e4,
0x20e4,0x20e4,0x20e4,0x20e4,0x20e4,0x20e4,0x20e4,0x20e4,0x20e4,0x20e4,0x20e4,0x20e4,0x20e4,0x20e4,0x20e4,0x20e4,
0x20e4,0x20e4,0x20e4,0x734e,0xffff,0xffff,0xffff,0xffff,0xffff,0xffff,0xffff,0xffff,0xffff,0xffff,0xffff,0xffff,
0xffff,0xffff,0xffff,0xffff,0xffff,0xffff,0xffff,0xffff,0xffff,0xffff,0xffff,0xffff,0xffff,0xffff,0xffff,0xffff,
0xffff,0xffff,0xffff,0xffff,0xffff,0xffff,0xffff,0xffff,0xffff,0xffff,0xffff,0xffff,0xffff,0xffff,0xffff,0xffff,
0xffff,0xffff,0xffff,0xffff,0xffff,0xffff,0xffff,0xffff,0xffff,0xffff,0xffff,0xffff,0xffff,0xffff,0xffff,0xffff,
0xffff,0xffff,0xffff,0xffff,0xffff,0xffff,0xffff,0xffff,0xffff,0xffff,0xffff,0xffff,0xffff,0xffff,0xffff,0xffff,
0xffff,0xffff,0xffff,0xffff,0xffff,0xffff,0xffff,0xffff,0xffff,0xffff,0xffff,0xffff,0xef7d,0x3987,0x20e4,0x20e4,
0x20e4,0x20e4,0x20e4,0x20e4,0x20e4,0x20e4,0x20e4,0x20e4,0x20e4,0x20e4,0x20e4,0x20e4,0x20e4,0x20e4,0x20e4,0x20e4,
0x20e4,0x20e4,0x20e4,0x20e4,0x20e4,0x20e4,0x20e4,0x20e4,0x20e4,0x20e4,0x20e4,0x20e4,0x20e4,0x20e4,0x9cd3,0xffff,
0xffff,0xffff,0xffff,0xffff,0xffff,0xffff,0xffff,0xffff,0xffff,0xffff,0xffff,0xffff,0xffff,0xffff,0xffff,0xffff,
0xffff,0xffff,0xffff,0xffff,0xffff,0xffff,0xffff,0xffff,0xffff,0xffff,0xffff,0xffff,0xffff,0xffff,0xffff,0xffff,
0xffff,0xffff,0xffff,0xffff,0xffff,0xffff,0xffff,0xffff,0xffff,0xffff,0xffff,0xffff,0xffff,0xffff,0xffff,0xffff,
0xffff,0xffff,0xffff,0xffff,0xffff,0xffff,0xffff,0xffff,0xffff,0xffff,0xffff,0xffff,0xffff,0xffff,0xffff,0xffff,
0xffff,0xffff,0xffff,0xffff,0xffff,0xffff,0xffff,0xffff,0xffff,0xffff,0xffff,0xffff,0xffff,0xffff,0xffff,0xffff,
0xffff,0xffff,0xffff,0xffff,0xffff,0xffff,0xffff,0x9472,0x20e4,0x20e4,0x20e4,0x20e4,0x20e4,0x20e4,0x20e4,0x20e4,
0x20e4,0x20e4,0x20e4,0x20e4,0x20e4,0x20e4,0x20e4,0x20e4,0x20e4,0x20e4,0x20e4,0x20e4,0x20e4,0x20e4,0x20e4,0x20e4,
0x20e4,0x20e4,0x20e4,0x20e4,0x20e4,0x20e4,0x20e4,0x20e4,0x20e4,0xc618,0xffff,0xffff,0xffff,0xffff,0xffff,0xffff,
0xffff,0xffff,0xffff,0xffff,0xffff,0xffff,0xffff,0xffff,0xffff,0xffff,0xffff,0xffff,0xffff,0xffff,0xffff,0xffff,
0xffff,0xffff,0xffff,0xffff,0xffff,0xffff,0xffff,0xffff,0xffff,0xffff,0xffff,0xffff,0xffff,0xffff,0xffff,0xffff,
0xffff,0xffff,0xffff,0xffff,0xffff,0xffff,0xffff,0xffff,0xffff,0xffff,0xffff,0xffff,0xffff,0xffff,0xffff,0xffff,
0xffff,0xffff,0xffff,0xffff,0xffff,0xffff,0xffff,0xffff,0xffff,0xffff,0xffff,0xffff,0xffff,0xffff,0xffff,0xffff,
0xffff,0xffff,0xffff,0xffff,0xffff,0xffff,0xffff,0xffff,0xffff,0xffff,0xffff,0xffff,0xffff,0xffff,0xffff,0xffff,
0xffff,0xe73c,0x3146,0x20e4,0x20e4,0x20e4,0x20e4,0x20e4,0x20e4,0x20e4,0x20e4,0x20e4,0x20e4,0x20e4,0x20e4,0x20e4,
0x20e4,0x20e4,0x20e4,0x20e4,0x20e4,0x20e4,0x20e4,0x20e4,0x20e4,0x20e4,0x20e4,0x20e4,0x20e4,0x20e4,0x20e4,0x20e4,
0x20e4,0x20e4,0x20e4,0x28e5,0xdefb,0xffff,0xffff,0xffff,0xffff,0xffff,0xffff,0xffff,0xffff,0xffff,0xffff,0xffff,
0xffff,0xffff,0xffff,0xffff,0xffff,0xffff,0xffff,0xffff,0xffff,0xffff,0xffff,0xffff,0xffff,0xffff,0xffff,0xffff,
0xffff,0xffff,0xffff,0xffff,0xffff,0xffff,0xffff,0xffff,0xffff,0xffff,0xffff,0xffff,0xffff,0xffff,0xffff,0xffff,
0xffff,0xffff,0xffff,0xffff,0xffff,0xffff,0xffff,0xffff,0xffff,0xffff,0xffff,0xffff,0xffff,0xffff,0xffff,0xffff,
0xffff,0xffff,0xffff,0xffff,0xffff,0xffff,0xffff,0xffff,0xffff,0xffff,0xffff,0xffff,0xffff,0xffff,0xffff,0xffff,
0xffff,0xffff,0xffff,0xffff,0xffff,0xffff,0xffff,0xffff,0xffff,0xffff,0xffff,0xffff,0x7b8f,0x20e4,0x20e4,0x20e4,
0x20e4,0x20e4,0x20e4,0x20e4,0x20e4,0x20e4,0x20e4,0x20e4,0x20e4,0x20e4,0x20e4,0x20e4,0x20e4,0x20e4,0x20e4,0x20e4,
0x20e4,0x20e4,0x20e4,0x20e4,0x20e4,0x20e4,0x20e4,0x20e4,0x20e4,0x20e4,0x20e4,0x20e4,0x20e4,0x20e4,0x3166,0xef7d,
0xffff,0xffff,0xffff,0xffff,0xffff,0xffff,0xffff,0xffff,0xffff,0xffff,0xffff,0xffff,0xffff,0xffff,0xffff,0xffff,
0xffff,0xffff,0xffff,0xffff,0xffff,0xffff,0xffff,0xffff,0xffff,0xffff,0xffff,0xffff,0xffff,0xffff,0xffff,0xffff,
0xffff,0xffff,0xffff,0xffff,0xffff,0xffff,0xffff,0xffff,0xffff,0xffff,0xffff,0xffff,0xffff,0xffff,0xffff,0xffff,
0xffff,0xffff,0xffff,0xffff,0xffff,0xffff,0xffff,0xffff,0xffff,0xffff,0xffff,0xffff,0xffff,0xffff,0xffff,0xffff,
0xffff,0xffff,0xffff,0xffff,0xffff,0xffff,0xffff,0xffff,0xffff,0xffff,0xffff,0xffff,0xffff,0xffff,0xffff,0xffff,
0xffff,0xffff,0xffff,0xffff,0xffff,0xffff,0xc638,0x20e4,0x20e4,0x20e4,0x20e4,0x20e4,0x20e4,0x20e4,0x20e4,0x20e4,
0x20e4,0x20e4,0x20e4,0x20e4,0x20e4,0x20e4,0x20e4,0x20e4,0x20e4,0x20e4,0x20e4,0x20e4,0x20e4,0x20e4,0x20e4,0x20e4,
0x20e4,0x20e4,0x20e4,0x20e4,0x20e4,0x20e4,0x20e4,0x20e4,0x20e4,0x41c8,0xf7be,0xffff,0xffff,0xffff,0xffff,0xffff,
0xffff,0xffff,0xffff,0xffff,0xffff,0xffff,0xffff,0xffff,0xffff,0xffff,0xffff,0xffff,0xffff,0xffff,0xffff,0xffff,
0xffff,0xffff,0xffff,0xffff,0xffff,0xffff,0xffff,0xffff,0xffff,0xffff,0xffff,0xffff,0xffff,0xffff,0xffff,0xffff,
0xffff,0xffff,0xffff,0xffff,0xffff,0xffff,0xffff,0xffff,0xffff,0xffff,0xffff,0xffff,0xffff,0xffff,0xffff,0xffff,
0xffff,0xffff,0xffff,0xffff,0xffff,0xffff,0xffff,0xffff,0xffff,0xffff,0xffff,0xffff,0xffff,0xffff,0xffff,0xffff,
0xffff,0xffff,0xffff,0xffff,0xffff,0xffff,0xffff,0xffff,0xffff,0xffff,0xffff,0xffff,0xffff,0xffff,0xffff,0xffff,
0xf7be,0x4a09,0x20e4,0x20e4,0x20e4,0x20e4,0x20e4,0x20e4,0x20e4,0x20e4,0x20e4,0x20e4,0x20e4,0x20e4,0x20e4,0x20e4,
0x20e4,0x20e4,0x20e4,0x20e4,0x20e4,0x20e4,0x20e4,0x20e4,0x20e4,0x20e4,0x20e4,0x20e4,0x20e4,0x20e4,0x20e4,0x20e4,
0x20e4,0x20e4,0x20e4,0x20e4,0x4a09,0xffdf,0xffff,0xffff,0xffff,0xffff,0xffff,0xffff,0xffff,0xffff,0xffff,0xffff,
0xffff,0xffff,0xffff,0xffff,0xffff,0xffff,0xffff,0xffff,0xffff,0xffff,0xffff,0xffff,0xffff,0xffff,0xffff,0xffff,
0xffff,0xffff,0xffff,0xffff,0xffff,0xffff,0xffff,0xffff,0xffff,0xffff,0xffff,0xffff,0xffff,0xffff,0xffff,0xffff,
0xffff,0xffff,0xffff,0xffff,0xffff,0xffff,0xffff,0xffff,0xffff,0xffff,0xffff,0xffff,0xffff,0xffff,0xffff,0xffff,
0xffff,0xffff,0xffff,0xffff,0xffff,0xffff,0xffff,0xffff,0xffff,0xffff,0xffff,0xffff,0xffff,0xffff,0xffff,0xffff,
0xffff,0xffff,0xffff,0xffff,0xffff,0xffff,0xffff,0xffff,0xffff,0xffff,0xffff,0x83f0,0x20e4,0x20e4,0x20e4,0x20e4,
0x20e4,0x20e4,0x20e4,0x20e4,0x20e4,0x20e4,0x20e4,0x20e4,0x20e4,0x20e4,0x20e4,0x20e4,0x20e4,0x20e4,0x20e4,0x20e4,
0x20e4,0x20e4,0x20e4,0x20e4,0x20e4,0x20e4,0x20e4,0x20e4,0x20e4,0x20e4,0x20e4,0x20e4,0x20e4,0x20e4,0x20e4,0x4a09,
0xffff,0xffff,0xffff,0xffff,0xffff,0xffff,0xffff,0xffff,0xffff,0xffff,0xffff,0xffff,0xffff,0xffff,0xffff,0xffff,
0xffff,0xffff,0xffff,0xffff,0xffff,0xffff,0xffff,0xffff,0xffff,0xffff,0xffff,0xffff,0xffff,0xffff,0xffff,0xffff,
0xffff,0xffff,0xffff,0xffff,0xffff,0xffff,0xffff,0xffff,0xffff,0xffff,0xffff,0xffff,0xffff,0xffff,0xffff,0xffff,
0xffff,0xffff,0xffff,0xffff,0xffff,0xffff,0xffff,0xffff,0xffff,0xffff,0xffff,0xffff,0xffff,0xffff,0xffff,0xffff,
0xffff,0xffff,0xffff,0xffff,0xffff,0xffff,0xffff,0xffff,0xffff,0xffff,0xffff,0xffff,0xffff,0xffff,0xffff,0xffff,
0xffff,0xffff,0xffff,0xffff,0xffff,0xbdd7,0x20e4,0x20e4,0x20e4,0x20e4,0x20e4,0x20e4,0x20e4,0x20e4,0x20e4,0x20e4,
0x20e4,0x20e4,0x20e4,0x20e4,0x20e4,0x20e4,0x20e4,0x20e4,0x20e4,0x20e4,0x20e4,0x20e4,0x20e4,0x20e4,0x20e4,0x20e4,
0x20e4,0x20e4,0x20e4,0x20e4,0x20e4,0x20e4,0x20e4,0x20e4,0x20e4,0x20e4,0x41e8,0xffdf,0xffff,0xffff,0xffff,0xffff,
0xffff,0xffff,0xffff,0xffff,0xffff,0xffff,0xffff,0xffff,0xffff,0xffff,0xffff,0xffff,0xffff,0xffff,0xffff,0xffff,
0xffff,0xffff,0xffff,0xffff,0xffff,0xffff,0xffff,0xffff,0xffff,0xffff,0xffff,0xffff,0xffff,0xffff,0xffff,0xffff,
0xffff,0xffff,0xffff,0xffff,0xffff,0xffff,0xffff,0xffff,0xffff,0xffff,0xffff,0xffff,0xffff,0xffff,0xffff,0xffff,
0xffff,0xffff,0xffff,0xffff,0xffff,0xffff,0xffff,0xffff,0xffff,0xffff,0xffff,0xffff,0xffff,0xffff,0xffff,0xffff,
0xffff,0xffff,0xffff,0xffff,0xffff,0xffff,0xffff,0xffff,0xffff,0xffff,0xffff,0xffff,0xffff,0xffff,0xffff,0xdefb,
0x3166,0x20e4,0x20e4,0x20e4,0x20e4,0x20e4,0x20e4,0x20e4,0x20e4,0x20e4,0x20e4,0x20e4,0x20e4,0x20e4,0x20e4,0x20e4,
0x20e4,0x20e4,0x20e4,0x20e4,0x20e4,0x20e4,0x20e4,0x20e4,0x20e4,0x20e4,0x20e4,0x20e4,0x20e4,0x20e4,0x20e4,0x20e4,
0x20e4,0x20e4,0x20e4,0x20e4,0x20e4,0x3987,0xf79e,0xffff,0xffff,0xffff,0xffff,0xffff,0xffff,0xffff,0xffff,0xffff,
0xffff,0xffff,0xffff,0xffff,0xffff,0xffff,0xffff,0xffff,0xffff,0xffff,0xffff,0xffff,0xffff,0xffff,0xffff,0xffff,
0xffff,0xffff,0xffff,0xffff,0xffff,0xffff,0xffff,0xffff,0xffff,0xffff,0xffff,0xffff,0xffff,0xffff,0xffff,0xffff,
0xffff,0xffff,0xffff,0xffff,0xffff,0xffff,0xffff,0xffff,0xffff,0xffff,0xffff,0xffff,0xffff,0xffff,0xffff,0xffff,
0xffff,0xffff,0xffff,0xffff,0xffff,0xffff,0xffff,0xffff,0xffff,0xffff,0xffff,0xffff,0xffff,0xffff,0xffff,0xffff,
0xffff,0xffff,0xffff,0xffff,0xffff,0xffff,0xffff,0xffff,0xffff,0xf79e,0x524a,0x20e4,0x20e4,0x20e4,0x20e4,0x20e4,
0x20e4,0x20e4,0x20e4,0x20e4,0x20e4,0x20e4,0x20e4,0x20e4,0x20e4,0x20e4,0x20e4,0x20e4,0x20e4,0x20e4,0x20e4,0x20e4,
0x20e4,0x20e4,0x20e4,0x20e4,0x20e4,0x20e4,0x20e4,0x20e4,0x20e4,0x20e4,0x20e4,0x20e4,0x20e4,0x20e4,0x20e4,0x20e4,
0x2905,0xe6fc,0xffff,0xffff,0xffff,0xffff,0xffff,0xffff,0xffff,0xffff,0xffff,0xffff,0xffff,0xffff,0xffff,0xffff,
0xffff,0xffff,0xffff,0xffff,0xffff,0xffff,0xffff,0xffff,0xffff,0xffff,0xffff,0xffff,0xffff,0xffff,0xffff,0xffff,
0xffff,0xffff,0xffff,0xffff,0xffff,0xffff,0xffff,0xffff,0xffff,0xffff,0xffff,0xffff,0xffff,0xffff,0xffff,0xffff,
0xffff,0xffff,0xffff,0xffff,0xffff,0xffff,0xffff,0xffff,0xffff,0xffff,0xffff,0xffff,0xffff,0xffff,0xffff,0xffff,
0xffff,0xffff,0xffff,0xffff,0xffff,0xffff,0xffff,0xffff,0xffff,0xffff,0xffff,0xffff,0xffff,0xffff,0xffff,0xffff,
0xffff,0xffff,0xffff,0xffdf,0x6b2d,0x20e4,0x20e4,0x20e4,0x20e4,0x20e4,0x20e4,0x20e4,0x20e4,0x20e4,0x20e4,0x20e4,
0x20e4,0x20e4,0x20e4,0x20e4,0x20e4,0x20e4,0x20e4,0x20e4,0x20e4,0x20e4,0x20e4,0x20e4,0x20e4,0x20e4,0x20e4,0x20e4,
0x20e4,0x20e4,0x20e4,0x20e4,0x20e4,0x20e4,0x20e4,0x20e4,0x20e4,0x20e4,0x20e4,0x20e4,0xc618,0xffff,0xffff,0xffff,
0xffff,0xffff,0xffff,0xffff,0xffff,0xffff,0xffff,0xffff,0xffff,0xffff,0xffff,0xffff,0xffff,0xffff,0xffff,0xffff,
0xffff,0xffff,0xffff,0xffff,0xffff,0xffff,0xffff,0xffff,0xffff,0xffff,0xffff,0xffff,0xffff,0xffff,0xffff,0xffff,
0xffff,0xffff,0xffff,0xffff,0xffff,0xffff,0xffff,0xffff,0xffff,0xffff,0xffff,0xffff,0xffff,0xffff,0xffff,0xffff,
0xffff,0xffff,0xffff,0xffff,0xffff,0xffff,0xffff,0xffff,0xffff,0xffff,0xffff,0xffff,0xffff,0xffff,0xffff,0xffff,
0xffff,0xffff,0xffff,0xffff,0xffff,0xffff,0xffff,0xffff,0xffff,0xffff,0xffff,0xffff,0xffff,0xffff,0x83f0,0x20e4,
0x20e4,0x20e4,0x20e4,0x20e4,0x20e4,0x20e4,0x20e4,0x20e4,0x20e4,0x20e4,0x20e4,0x20e4,0x20e4,0x20e4,0x20e4,0x20e4,
0x20e4,0x20e4,0x20e4,0x20e4,0x20e4,0x20e4,0x20e4,0x20e4,0x20e4,0x20e4,0x20e4,0x20e4,0x20e4,0x20e4,0x20e4,0x20e4,
0x20e4,0x20e4,0x20e4,0x20e4,0x20e4,0x20e4,0x20e4,0x9472,0xffff,0xffff,0xffff,0xffff,0xffff,0xffff,0xffff,0xffff,
0xffff,0xffff,0xffff,0xffff,0xffff,0xffff,0xffff,0xffff,0xffff,0xffff,0xffff,0xffff,0xffff,0xffff,0xffff,0xffff,
0xffff,0xffff,0xffff,0xffff,0xffff,0xffff,0xffff,0xffff,0xffff,0xffff,0xffff,0xffff,0xffff,0xffff,0xffff,0xffff,
0xffff,0xffff,0xffff,0xffff,0xffff,0xffff,0xffff,0xffff,0xffff,0xffff,0xffff,0xffff,0xffff,0xffff,0xffff,0xffff,
0xffff,0xffff,0xffff,0xffff,0xffff,0xffff,0xffff,0xffff,0xffff,0xffff,0xffff,0xffff,0xffff,0xffff,0xffff,0xffff,
0xffff,0xffff,0xffff,0xffff,0xffff,0xffff,0xffff,0xffff,0x8c51,0x20e4,0x20e4,0x20e4,0x20e4,0x20e4,0x20e4,0x20e4,
0x20e4,0x20e4,0x20e4,0x20e4,0x20e4,0x20e4,0x20e4,0x20e4,0x20e4,0x20e4,0x20e4,0x20e4,0x20e4,0x20e4,0x20e4,0x20e4,
0x20e4,0x20e4,0x20e4,0x20e4,0x20e4,0x20e4,0x20e4,0x20e4,0x20e4,0x20e4,0x20e4,0x20e4,0x20e4,0x20e4,0x20e4,0x20e4,
0x20e4,0x20e4,0x526a,0xffff,0xffff,0xffff,0xffff,0xffff,0xffff,0xffff,0xffff,0xffff,0xffff,0xffff,0xffff,0xffff,
0xffff,0xffff,0xffff,0xffff,0xffff,0xffff,0xffff,0xffff,0xffff,0xffff,0xffff,0xffff,0xffff,0xffff,0xffff,0xffff,
0xffff,0xffff,0xffff,0xffff,0xffff,0xffff,0xffff,0xffff,0xffff,0xffff,0xffff,0xffff,0xffff,0xffff,0xffff,0xffff,
0xffff,0xffff,0xffff,0xffff,0xffff,0xffff,0xffff,0xffff,0xffff,0xffff,0xffff,0xffff,0xffff,0xffff,0xffff,0xffff,
0xffff,0xffff,0xffff,0xffff,0xffff,0xffff,0xffff,0xffff,0xffff,0xffff,0xffff,0xffff,0xffff,0xffff,0xffff,0xffff,
0xffff,0xffff,0x9452,0x20e4,0x20e4,0x20e4,0x20e4,0x20e4,0x20e4,0x20e4,0x20e4,0x20e4,0x20e4,0x20e4,0x20e4,0x20e4,
0x20e4,0x20e4,0x20e4,0x20e4,0x20e4,0x20e4,0x20e4,0x20e4,0x20e4,0x20e4,0x20e4,0x20e4,0x20e4,0x20e4,0x20e4,0x20e4,
0x20e4,0x20e4,0x20e4,0x20e4,0x20e4,0x20e4,0x20e4,0x20e4,0x20e4,0x20e4,0x20e4,0x20e4,0x20e4,0x20e4,0xd6ba,0xffff,
0xffff,0xffff,0xffff,0xffff,0xffff,0xffff,0xffff,0xffff,0xffff,0xffff,0xffff,0xffff,0xffff,0xffff,0xffff,0xffff,
0xffff,0xffff,0xffff,0xffff,0xffff,0xffff,0xffff,0xffff,0xffff,0xffff,0xffff,0xffff,0xffff,0xffff,0xffff,0xffff,
0xffff,0xffff,0xffff,0xffff,0xffff,0xffff,0xffff,0xffff,0xffff,0xdedb,0x9cd3,0xffff,0xffff,0xffff,0xffff,0xffff,
0xffff,0xffff,0xffff,0xffff,0xffff,0xffff,0xffff,0xffff,0xffff,0xffff,0xffff,0xffff,0xffff,0xffff,0xffff,0xffff,
0xffff,0xffff,0xffff,0xffff,0xffff,0xffff,0xffff,0xffff,0xffff,0xffff,0xffff,0xffff,0x8c31,0x20e4,0x20e4,0x20e4,
0x20e4,0x20e4,0x20e4,0x20e4,0x20e4,0x20e4,0x20e4,0x20e4,0x20e4,0x20e4,0x20e4,0x20e4,0x20e4,0x20e4,0x20e4,0x20e4,
0x20e4,0x20e4,0x20e4,0x20e4,0x20e4,0x20e4,0x20e4,0x20e4,0x20e4,0x20e4,0x20e4,0x20e4,0x20e4,0x20e4,0x20e4,0x20e4,
0x20e4,0x20e4,0x20e4,0x20e4,0x20e4,0x20e4,0x20e4,0x20e4,0x20e4,0x7baf,0xffff,0xffff,0xffff,0xffff,0xffff,0xffff,
0xffff,0xffff,0xffff,0xffff,0xffff,0xffff,0xffff,0xffff,0xffff,0xffff,0xffff,0xffff,0xffff,0xffff,0xffff,0xffff,
0xffff,0xffff,0xffff,0xffff,0xffff,0xffff,0xffff,0xffff,0xffff,0xffff,0xffff,0xffff,0xffff,0xffff,0xffff,0xffff,
0xffff,0xffff,0xffff,0xbdd7,0x3987,0x2925,0xef7d,0xffff,0xffff,0xffff,0xffff,0xffff,0xffff,0xffff,0xffff,0xffff,
0xffff,0xffff,0xffff,0xffff,0xffff,0xffff,0xffff,0xffff,0xffff,0xffff,0xffff,0xffff,0xffff,0xffff,0xffff,0xffff,
0xffff,0xffff,0xffff,0xffff,0xffff,0xffdf,0x7baf,0x20e4,0x20e4,0x20e4,0x20e4,0x20e4,0x20e4,0x20e4,0x20e4,0x20e4,
0x20e4,0x20e4,0x20e4,0x20e4,0x20e4,0x20e4,0x20e4,0x20e4,0x20e4,0x20e4,0x20e4,0x20e4,0x20e4,0x20e4,0x20e4,0x20e4,
0x20e4,0x20e4,0x20e4,0x20e4,0x20e4,0x20e4,0x20e4,0x20e4,0x20e4,0x20e4,0x20e4,0x20e4,0x20e4,0x20e4,0x20e4,0x20e4,
0x20e4,0x20e4,0x20e4,0x20e4,0x2905,0xdebb,0xffff,0xffff,0xffff,0xffff,0xffff,0xffff,0xffff,0xffff,0xffff,0xffff,
0xffff,0xffff,0xffff,0xffff,0xffff,0xffff,0xffff,0xffff,0xffff,0xffff,0xffff,0xffff,0xffff,0xffff,0xffff,0xffff,
0xffff,0xffff,0xffff,0xffff,0xffff,0xffff,0xffff,0xffff,0xffff,0xffff,0xffff,0xffff,0xf7be,0x8c31,0x20e4,0x20e4,
0x20e4,0xa514,0xffff,0xffff,0xffff,0xffff,0xffff,0xffff,0xffff,0xffff,0xffff,0xffff,0xffff,0xffff,0xffff,0xffff,
0xffff,0xffff,0xffff,0xffff,0xffff,0xffff,0xffff,0xffff,0xffff,0xffff,0xffff,0xffff,0xffff,0xffff,0xffff,0xef7d,
0x62ec,0x20e4,0x20e4,0x20e4,0x20e4,0x20e4,0x20e4,0x20e4,0x20e4,0x20e4,0x20e4,0x20e4,0x20e4,0x20e4,0x20e4,0x20e4,
0x20e4,0x20e4,0x20e4,0x20e4,0x20e4,0x20e4,0x20e4,0x20e4,0x20e4,0x20e4,0x20e4,0x20e4,0x20e4,0x20e4,0x20e4,0x20e4,
0x20e4,0x20e4,0x20e4,0x20e4,0x20e4,0x20e4,0x20e4,0x20e4,0x20e4,0x20e4,0x20e4,0x20e4,0x20e4,0x20e4,0x20e4,0x20e4,
0x5aab,0xffdf,0xffff,0xffff,0xffff,0xffff,0xffff,0xffff,0xffff,0xffff,0xffff,0xffff,0xffff,0xffff,0xffff,0xffff,
0xffff,0xffff,0xffff,0xffff,0xffff,0xffff,0xffff,0xffff,0xffff,0xffff,0xffff,0xffff,0xffff,0xffff,0xffff,0xffff,
0xffff,0xffff,0xffff,0xffff,0xffff,0xffff,0xce79,0x526a,0x20e4,0x20e4,0x20e4,0x20e4,0x41e8,0xf7be,0xffff,0xffff,
0xffff,0xffff,0xffff,0xffff,0xffff,0xffff,0xffff,0xffff,0xffff,0xffff,0xffff,0xffff,0xffff,0xffff,0xffff,0xffff,
0xffff,0xffff,0xffff,0xffff,0xffff,0xffff,0xffff,0xffff,0xffff,0xd69a,0x4a09,0x20e4,0x20e4,0x20e4,0x20e4,0x20e4,
0x20e4,0x20e4,0x20e4,0x20e4,0x20e4,0x20e4,0x20e4,0x20e4,0x20e4,0x20e4,0x20e4,0x20e4,0x20e4,0x20e4,0x20e4,0x20e4,
0x20e4,0x20e4,0x20e4,0x20e4,0x20e4,0x20e4,0x20e4,0x20e4,0x20e4,0x20e4,0x20e4,0x20e4,0x20e4,0x20e4,0x20e4,0x20e4,
0x20e4,0x20e4,0x20e4,0x20e4,0x20e4,0x20e4,0x20e4,0x20e4,0x20e4,0x20e4,0x20e4,0x20e4,0x8c51,0xffff,0xffff,0xffff,
0xffff,0xffff,0xffff,0xffff,0xffff,0xffff,0xffff,0xffff,0xffff,0xffff,0xffff,0xffff,0xffff,0xffff,0xffff,0xffff,
0xffff,0xffff,0xffff,0xffff,0xffff,0xffff,0xffff,0xffff,0xffff,0xffff,0xffff,0xffff,0xffff,0xffff,0xffff,0xef7d,
0x8c11,0x2905,0x20e4,0x20e4,0x20e4,0x20e4,0x20e4,0x20e4,0xa4f4,0xffff,0xffff,0xffff,0xffff,0xffff,0xffff,0xffff,
0xffff,0xffff,0xffff,0xffff,0xffff,0xffff,0xffff,0xffff,0xffff,0xffff,0xffff,0xffff,0xffff,0xffff,0xffff,0xffff,
0xffff,0xffff,0xffff,0xad35,0x3126,0x20e4,0x20e4,0x20e4,0x20e4,0x20e4,0x20e4,0x20e4,0x20e4,0x20e4,0x20e4,0x20e4,
0x20e4,0x20e4,0x20e4,0x20e4,0x20e4,0x20e4,0x20e4,0x20e4,0x20e4,0x20e4,0x20e4,0x20e4,0x20e4,0x20e4,0x20e4,0x20e4,
0x20e4,0x20e4,0x20e4,0x20e4,0x20e4,0x20e4,0x20e4,0x20e4,0x20e4,0x20e4,0x20e4,0x20e4,0x20e4,0x20e4,0x20e4,0x20e4,
0x20e4,0x20e4,0x20e4,0x20e4,0x20e4,0x20e4,0x20e4,0x20e4,0xa4f4,0xffff,0xffff,0xffff,0xffff,0xffff,0xffff,0xffff,
0xffff,0xffff,0xffff,0xffff,0xffff,0xffff,0xffff,0xffff,0xffff,0xffff,0xffff,0xffff,0xffff,0xffff,0xffff,0xffff,
0xffff,0xffff,0xffff,0xffff,0xffff,0xffff,0xffff,0xffff,0xffdf,0xad35,0x41c8,0x20e4,0x20e4,0x20e4,0x20e4,0x20e4,
0x20e4,0x20e4,0x20e4,0x3166,0xe71c,0xffff,0xffff,0xffff,0xffff,0xffff,0xffff,0xffff,0xffff,0xffff,0xffff,0xffff,
0xffff,0xffff,0xffff,0xffff,0xffff,0xffff,0xffff,0xffff,0xffff,0xffff,0xffff,0xffff,0xe73c,0x734e,0x20e4,0x20e4,
0x20e4,0x20e4,0x20e4,0x20e4,0x20e4,0x20e4,0x20e4,0x20e4,0x20e4,0x20e4,0x20e4,0x20e4,0x20e4,0x20e4,0x20e4,0x20e4,
0x20e4,0x20e4,0x20e4,0x20e4,0x20e4,0x20e4,0x20e4,0x20e4,0x20e4,0x20e4,0x20e4,0x20e4,0x20e4,0x20e4,0x20e4,0x20e4,
0x20e4,0x20e4,0x20e4,0x20e4,0x20e4,0x20e4,0x20e4,0x20e4,0x20e4,0x20e4,0x20e4,0x20e4,0x20e4,0x20e4,0x20e4,0x20e4,
0x20e4,0x20e4,0x20e4,0x20e4,0x9492,0xffff,0xffff,0xffff,0xffff,0xffff,0xffff,0xffff,0xffff,0xffff,0xffff,0xffff,
0xffff,0xffff,0xffff,0xffff,0xffff,0xffff,0xffff,0xffff,0xffff,0xffff,0xffff,0xffff,0xffff,0xffff,0xffff,0xffff,
0xffff,0xf7be,0xb576,0x4a29,0x20e4,0x20e4,0x20e4,0x20e4,0x20e4,0x20e4,0x20e4,0x20e4,0x20e4,0x20e4,0x20e4,0x5aab,
0xf7be,0xffff,0xffff,0xffff,0xffff,0xffff,0xffff,0xffff,0xffff,0xffff,0xffff,0xffff,0xffff,0xffff,0xffff,0xffff,
0xffff,0xffff,0xffff,0xffff,0xffff,0xffff,0xad55,0x3987,0x20e4,0x20e4,0x20e4,0x20e4,0x20e4,0x20e4,0x20e4,0x20e4,
0x20e4,0x20e4,0x20e4,0x20e4,0x20e4,0x20e4,0x20e4,0x20e4,0x20e4,0x20e4,0x20e4,0x20e4,0x20e4,0x20e4,0x20e4,0x20e4,
0x20e4,0x20e4,0x20e4,0x20e4,0x20e4,0x20e4,0x20e4,0x20e4,0x20e4,0x20e4,0x20e4,0x20e4,0x20e4,0x20e4,0x20e4,0x20e4,
0x20e4,0x20e4,0x20e4,0x20e4,0x20e4,0x20e4,0x20e4,0x20e4,0x20e4,0x20e4,0x20e4,0x20e4,0x20e4,0x20e4,0x20e4,0x20e4,
0x6b0d,0xe71c,0xffff,0xffff,0xffff,0xffff,0xffff,0xffff,0xffff,0xffff,0xffff,0xffff,0xffff,0xffff,0xffff,0xffff,
0xffff,0xffff,0xffff,0xffff,0xffff,0xffff,0xffff,0xffff,0xffff,0xffff,0xef5d,0xa4f4,0x4a09,0x20e4,0x20e4,0x20e4,
0x20e4,0x20e4,0x20e4,0x20e4,0x20e4,0x20e4,0x20e4,0x20e4,0x20e4,0x20e4,0x20e4,0x734e,0xffdf,0xffff,0xffff,0xffff,
0xffff,0xffff,0xffff,0xffff,0xffff,0xffff,0xffff,0xffff,0xffff,0xffff,0xffff,0xffff,0xffff,0xffff,0xffff,0xce39,
0x5aab,0x20e4,0x20e4,0x20e4,0x20e4,0x20e4,0x20e4,0x20e4,0x20e4,0x20e4,0x20e4,0x20e4,0x20e4,0x20e4,0x20e4,0x20e4,
0x20e4,0x20e4,0x20e4,0x20e4,0x20e4,0x20e4,0x20e4,0x20e4,0x20e4,0x20e4,0x20e4,0x20e4,0x20e4,0x20e4,0x20e4,0x20e4,
0x20e4,0x20e4,0x20e4,0x20e4,0x20e4,0x20e4,0x20e4,0x20e4,0x20e4,0x20e4,0x20e4,0x20e4,0x20e4,0x20e4,0x20e4,0x20e4,
0x20e4,0x20e4,0x20e4,0x20e4,0x20e4,0x20e4,0x20e4,0x20e4,0x20e4,0x20e4,0x20e4,0x20e4,0x3166,0x9472,0xef5d,0xffff,
0xffff,0xffff,0xffff,0xffff,0xffff,0xffff,0xffff,0xffff,0xffff,0xffff,0xffff,0xffff,0xffff,0xffff,0xffff,0xffff,
0xffff,0xffff,0xf79e,0xc618,0x738e,0x3166,0x20e4,0x20e4,0x20e4,0x20e4,0x20e4,0x20e4,0x20e4,0x20e4,0x20e4,0x20e4,
0x20e4,0x20e4,0x20e4,0x20e4,0x20e4,0x20e4,0x20e4,0x62ec,0xe73c,0xffff,0xffff,0xffff,0xffff,0xffff,0xffff,0xffff,
0xffff,0xffff,0xffff,0xffff,0xffff,0xffff,0xffff,0xffff,0xc638,0x6b0d,0x20e4,0x20e4,0x20e4,0x20e4,0x20e4,0x20e4,
0x20e4,0x20e4,0x20e4,0x20e4,0x20e4,0x20e4,0x20e4,0x20e4,0x20e4,0x20e4,0x20e4,0x20e4,0x20e4,0x20e4,0x20e4,0x20e4,
0x20e4,0x20e4,0x20e4,0x20e4,0x20e4,0x20e4,0x20e4,0x20e4,0x20e4,0x20e4,0x20e4,0x20e4,0x20e4,0x20e4,0x20e4,0x20e4,
0x20e4,0x20e4,0x20e4,0x20e4,0x20e4,0x20e4,0x20e4,0x20e4,0x20e4,0x20e4,0x20e4,0x20e4,0x20e4,0x20e4,0x20e4,0x20e4,
0x20e4,0x20e4,0x20e4,0x20e4,0x20e4,0x20e4,0x20e4,0x20e4,0x20e4,0x3166,0x7baf,0xc5f8,0xef7d,0xffff,0xffff,0xffff,
0xffff,0xffff,0xffff,0xffff,0xffff,0xffff,0xffff,0xffff,0xffff,0xf7be,0xdedb,0xb576,0x736e,0x39a7,0x20e4,0x20e4,
0x20e4,0x20e4,0x20e4,0x20e4,0x20e4,0x20e4,0x20e4,0x20e4,0x20e4,0x20e4,0x20e4,0x20e4,0x20e4,0x20e4,0x20e4,0x20e4,
0x20e4,0x20e4,0x20e4,0x3987,0xa514,0xf79e,0xffff,0xffff,0xffff,0xffff,0xffff,0xffff,0xffff,0xffff,0xffff,0xffff,
0xe71c,0xa514,0x526a,0x20e4,0x20e4,0x20e4,0x20e4,0x20e4,0x20e4,0x20e4,0x20e4,0x20e4,0x20e4,0x20e4,0x20e4,0x20e4,
0x20e4,0x20e4,0x20e4,0x20e4,0x20e4,0x20e4,0x20e4,0x20e4,0x20e4,0x20e4,0x20e4,0x20e4,0x20e4,0x20e4,0x20e4,0x20e4,
0x20e4,0x20e4,0x20e4,0x20e4,0x20e4,0x20e4,0x20e4,0x20e4,0x20e4,0x20e4,0x20e4,0x20e4,0x20e4,0x20e4,0x20e4,0x20e4,
0x20e4,0x20e4,0x20e4,0x20e4,0x20e4,0x20e4,0x20e4,0x20e4,0x20e4,0x20e4,0x20e4,0x20e4,0x20e4,0x20e4,0x20e4,0x20e4,
0x20e4,0x20e4,0x20e4,0x20e4,0x20e4,0x20e4,0x20e4,0x3987,0x630c,0x9472,0xb596,0xce59,0xdedb,0xe6fc,0xe6fc,0xdebb,
0xce59,0xb596,0x9472,0x6b4d,0x4a09,0x2905,0x20e4,0x20e4,0x20e4,0x20e4,0x20e4,0x20e4,0x20e4,0x20e4,0x20e4,0x20e4,
0x20e4,0x20e4,0x20e4,0x20e4,0x20e4,0x20e4,0x20e4,0x20e4,0x20e4,0x20e4,0x20e4,0x20e4,0x20e4,0x20e4,0x20e4,0x20e4,
0x41c8,0x8c31,0xc638,0xef5d,0xffdf,0xffff,0xffdf,0xef5d,0xce59,0x9cb3,0x62cc,0x3126,0x20e4,0x20e4,0x20e4,0x20e4,
0x20e4,0x20e4,0x20e4,0x20e4,0x20e4,0x20e4,0x20e4,0x20e4,0x20e4,0x20e4,0x20e4,0x20e4,0x20e4,0x20e4,0x20e4,0x20e4,
0x20e4,0x20e4,0x20e4,0x20e4,0x20e4,0x20e4,0x20e4,0x20e4,0x20e4,0x20e4,0x20e4,0x20e4,0x20e4,0x20e4,0x20e4,0x20e4,
0x20e4,0x20e4,
};
